,title,bytes
0,Rudolf He√ü,86509
1,Popo,805
2,Kanake,309
3,Bitch,5369
4,Fisting,7432
5,2 Fickende Hunde,27
6,Sexualpraktik,15744
7,Komplexmittel,43
8,After,848
9,Penisneid,8224
10,Penispumpe,2797
11,Hurentochter,23
12,Sexualit√§t,11208
13,Fistfucking,21
14,Intimpflege,27
15,Polizeiwillk√ºr,24
16,Hitler,26
17,Mikropenis,37962
18,Venush√ºgel,5877
19,Adolf Fick,10174
20,Heimseite,22
21,Atze (Name),3406
22,Weibliche Brust,33219
23,Gummipuppe,22
24,SEX,13496
25,Sieg Heil,25
26,Kritik am Islam,25
27,Poker,65471
28,Adolf Ficker,3359
29,Fick mich,36
30,Jude (Begriffskl√§rung),851
31,Fotze,10843
32,Schule,58699
33,Sexualhormone,3363
34,Furzkissen,2973
35,Pimmel,19
36,Pissen,341
37,Votze,24
38,Furz,54
39,Konzentrationslager (historischer Begriff),48095
40,Kurden in der T√ºrkei,46927
41,Ostjuden,36
42,Gebet,52530
43,Opfer (Religion),118369
44,Nutte,5983
45,Lutscher,27
46,Ausl√§nder,26952
47,Kosovo-Albaner,11347
48,Die Fahne hoch,31
49,Analdehnung,4751
50,NSDAP/AO,20665
51,Deutsche Revolution 1848/1849,143580
52,Liste von Breakdance-Crews,3101
53,Ostjuden und Westjuden,8094
54,Muschi,1015
55,HSV (Begriffskl√§rung),1787
56,Rechtskonservatismus,6366
57,Negrid,21
58,Mongolide,15861
59,Gesichtsbesamung,21
60,Analfisting,41
61,Sperma,23872
62,Jesus,28
63,√ñsterreicher,1604
64,Sexy,23
65,Runterholen,26
66,Graue W√∂lfe,40311
67,Titte,40
68,Arschloch (Begriffskl√§rung),843
69,F√ºhrer (Begriffskl√§rung),3667
70,August Fick,3895
71,Schwuchtel,8773
72,Schwuchtle,24
73,Abtreibung,37
74,Ferkel,40
75,Hitlergru√ü,32452
76,Pr√§ventivschlag,11376
77,Chronologie der reichsten Deutschen,72647
78,Antijudaismus im Mittelalter,44
79,Radikalismus,22189
80,Playboy (Person),13511
81,Klo,834
82,Rhymin Simon,24988
83,Kagge,26
84,Passierschein A38,43
85,Schamhaar,19036
86,Heilpraktiker,51731
87,XD,822
88,Geistige Behinderung,62131
89,Antizionismus,61451
90,Arschloch (Kartenspiel),8013
91,Scheisse,27
92,Die Judenbuche,24882
93,Rassifizierung,26
94,Zungenkuss,471
95,Klitoris,74235
96,9/11,52
97,Nicotin,53053
98,Pups,528
99,Au√üerchristliche antike Quellen zu Jesus von Nazaret,53576
100,Wuestenstrom,39077
101,Ratten,33602
102,Homer Simpson,20149
103,Hodenkrebs,15808
104,Galatasaray Istanbul,164130
105,Orgasmus,118656
106,Rechtsrock,16413
107,Wrestling,66038
108,Hauptseite,256
109,Chemie,40430
110,Homo,21143
111,Penisvergr√∂√üerung,12389
112,Body Mass Index,29
113,Ahmadiyya,133853
114,Crack (Droge),13877
115,Droge,108285
116,Heimattreue Deutsche Jugend,36271
117,Christus,28
118,Cannabis (Begriffskl√§rung),863
119,Nationalsozialistische Deutsche Arbeiterpartei,77476
120,Vagina des Menschen,61810
121,Scheide,1141
122,Kondom,59310
123,Hunde,29572
124,Gay,7486
125,Punk,62064
126,Satan,39847
127,BDSM,125454
128,Rap,12315
129,Gedicht,93
130,Hure,17072
131,Porno,657
132,Pubert√§t,45285
133,Adolf,22950
134,Schwanz,6608
135,Erektion,18605
136,P√§derastie,19101
137,Skinhead,35205
138,Oralverkehr,16208
139,Erotik,64553
140,Bastard,13879
141,Davidstern,14342
142,Joint,11861
143,Johann Wolfgang Goethe,40
144,Christopher Street Day,16979
145,Affen,22592
146,Hoden,77423
147,Durchfall,29261
148,Kiffen,417
149,Ursula (Vorname),5604
150,Karateka,35
151,Flatus,27
152,Schamlippen,43002
153,Homo (Begriffskl√§rung),714
154,Begattung,3832
155,Eierstock,14345
156,Kamasutra,82184
157,Callboy,50
158,Breakdance,19883
159,Eunuch,34364
160,McDonald‚Äôs,84209
161,Lebemann,69
162,Lol,1839
163,Neonazismus,33598
164,Fremdgeschriebener,25
165,Wichser,4318
166,M√∂se,549
167,Japanische G√∂tter,18
168,Schei√üe,6835
169,Nigger,5702
170,Gothic (Kultur),146764
171,Pornofilm,34564
172,Homosexualit√§t und Religion,58812
173,Kotze,1751
174,Phallus,6541
175,Kanake (Umgangssprache),7361
176,Wichsen,251
177,Nymphomanie,6122
178,Schlampe,10180
179,Gangsta-Rap,14298
180,Mammalverkehr,2485
181,Basti,909
182,ALG II,70
183,Tadeusz Kosciuszko,33
184,Fu√üfetischismus,11203
185,Ludwig von Ficker,5743
186,Hartz 4,22
187,Penisring,3809
188,Pornodarsteller,27284
189,Nasensekret,3881
190,Trottel,2532
191,Ren√© (Name),5436
192,Strip-Poker,1893
193,%s,281
194,Penner,1387
195,Fick (Familienname),3624
196,Robin,1420
197,Sprudel,268
198,Vergasen,3537
199,Wixer,91
200,Christina,98
201,Pimp,4340
202,Saufen,21
203,Mulch,21
204,Strumpf- und Sockenfetischismus,36
205,Holocaust,196658
206,Gaskammer (Massenmord),69057
207,Zigarette,42609
208,Russen,25108
209,Julius von Ficker,9861
210,Islamfaschismus,35014
211,Fuck,26315
212,Arsch,48
213,Atombombenabwurf auf Hiroshima,106
214,Geil,1002
215,Idiot,4040
216,Klammheimliche Freude,34
217,F√§kalsprache,42
218,Verr√ºckt,22
219,Gaylord,10822
220,Big Beautiful Woman,46
221,Ecstasy,23
222,USA,37
223,Homezone,25
224,Arschfick,25
225,Robert (Vorname),6846
226,Banane,878
227,Scharia-Islam,25
228,Hurensohn,3594
229,Deutsche Literatur,40
230,Schimpfwort,22303
231,Hurenkind,110
232,Sexmuffel,29
233,Anmacherinnen,27
234,Sozialistische Jugoslawische Republik Kroatien,46
235,Scheidensekret,30
236,Chronologie des Zweiten Weltkrieges,295252
237,Ritualmord,7481
238,H√§sslichkeit,10911
239,Vegane Ern√§hrung,24
240,Breitbeilaxt,23
241,Alg 2,33
242,Klugscheisser,26
243,Gott (Begriffskl√§rung),1622
244,Informelle Bildung,32
245,Gammel,1183
246,Liebeskummer,14269
247,Fenerbah√ße Istanbul,136587
248,Moson v√°rmegye,32
249,Noob,661
250,Hundeschei√üe,22
251,Ernst-G√ºnther Schenck,36
252,Vibrator,26632
253,Pascher,1001
254,Mechanischer Reiz,40
255,Negerku√ü,24
256,Tierische Ern√§hrung,24
257,Sinti,60291
258,√úbersetzung,968
259,Vorsitzende,26
260,Bimbo,1304
261,Frauenarzt,31
262,Schnepfe,68
263,Sklaverei,84245
264,Industrielle Revolution in Deutschland,72461
265,Deutsche Geschichte,37
266,Looser,1183
267,Hauspferd,92806
268,Rinder,12687
269,Wege zum Gl√ºck,35978
270,The Beatles,232487
271,Morbide,25
272,Hodensack,16951
273,Primaten,40209
274,Killerpilze,30615
275,Missbrauch und Abh√§ngigkeit,42
276,Thor Steinar,28341
277,Koala,44217
278,Regenwald,7671
279,Farne,11337
280,Betriebskindergarten,42
281,Kake,5057
282,Menschliche Geschlechtsunterschiede,40497
283,Hirsuties papillaris penis,4255
284,G-Hot,10760
285,Waffen-SS,86918
286,Logarithmus,55330
287,Sibirien,42571
288,Depp,489
289,Schwuler,20
290,PKK,44
291,Schwul,86898
292,Dave Bautista,18398
293,Waveboard,5836
294,Roma (Ethnie),18
295,Diaspora,32901
296,Schiller,32
297,Gedenkdienst,27415
298,Mara Salvatrucha,18159
299,Rektale Darmsp√ºlung,31
300,Dampfmaschine,37796
301,Griechische Mythologie,37371
302,Marcus Fabius Quintilianus,24
303,Liste von Abk√ºrzungen (Netzjargon),55648
304,Dreisatz,9617
305,Foetor ex ore,24
306,Babsi,21
307,Heroinentzug,27
308,Grundgesetz,61
309,Gina (Vorname),5061
310,Attentat auf John F. Kennedy,155202
311,Hominisation,147119
312,Sexualhormon,27
313,Vampir,56050
314,Farn,626
315,Gesetze gegen Holocaustleugnung,31732
316,Deutschland sucht den Superstar,102703
317,Atze,661
318,Evolutionstheorie,12228
319,Kommaregeln der deutschen Sprache (Stand von 2006),25073
320,Pjotr Iljitsch Tschaikowski,62028
321,Jesus Christus,120418
322,Kohle,49329
323,Penis der V√∂gel,6185
324,Titten,35
325,Silber,65759
326,KZ Auschwitz,40273
327,Mohandas Karamchand Gandhi,130396
328,Eichelk√§se,20
329,Sonne,83924
330,Weltreligion,14690
331,Muslim,16648
332,ƒ∞stikl√¢l Mar≈üƒ±,7788
333,Sturm und Drang,14130
334,Chuck Norris Fact,37
335,Konzentrationslager,117986
336,Lordi,29756
337,Westminster Abbey,37648
338,Griechen,50608
339,Sparta,76071
340,Savanne,12400
341,Relativpronomen,15908
342,Evolution,59339
343,Atom,85919
344,Augustus,102289
345,Jerusalem,141733
346,Faschismus,50454
347,PhDr.,88
348,Schnecken,43813
349,Punische Kriege,7071
350,Kreuzigung,34382
351,Sahara,30685
352,Elisabeth II.,122860
353,Leck mir den Arsch fein recht sch√∂n sauber,4168
354,Okay,13481
355,Kaka,7279
356,Fellatio,8670
357,Lachen,30109
358,Zitronenfalter,10188
359,Geschwister Scholl,9096
360,Mongo,1720
361,Liste der Atommodelle,9643
362,Endl√∂sung der Judenfrage,63738
363,Hauskaninchen,80354
364,Peter der Gro√üe,33704
365,Lachen (Ausdrucksform),25
366,Arschficken,25
367,Vanessa Anne Hudgens,34
368,Dalai Lama,41417
369,Dem Deutschen Volke,38
370,Gladbecker Geiseldrama,43
371,Murphy‚Äôs Law,8332
372,Sivas-Massaker,42
373,ƒ∞stanbul,27
374,Schmerzmittel,25
375,W√ºstenstrom,26
376,Hip-Hop-Jargon,30518
377,Jessica Alba,15047
378,Nichttrinitarier,34
379,Neuling,4888
380,Jaja,936
381,Vogelgrippe H5N1,78727
382,Altsteinzeit,7133
383,Transzendentale Meditation,53907
384,Institut f√ºr Staatspolitik,23873
385,Partiya Karker√™n Kurdistan√™,44
386,Vitamine,26
387,UEFA-Pokal,37
388,Stormfront,3740
389,Gynophagie,27
390,Vollidiot,298
391,Graffiti,121253
392,Geilheit,7962
393,Informationsdienst gegen Rechtsextremismus,12236
394,Rondo (Musik),10069
395,Antike Judenfeindschaft,21564
396,Philosemit,29
397,Penis der Hunde,19710
398,Arbeitslosengeld I,49
399,√ñdp,46
400,Sexiest Man Alive,5943
401,Asexualit√§t,16337
402,Leck mich im Arsch,3871
403,Anders Celsius,7583
404,Euskadi Ta Askatasuna,100107
405,Candir√∫,363
406,Marc,4293
407,Freimaurerei,119137
408,Erd√∂l,96050
409,Schloss Versailles,97227
410,Playstation 3,32
411,Antibiotica,26
412,Selfmade Records,45914
413,Sven Henkler,7792
414,Jude,19
415,Rote Rosen,79197
416,Union der Sozialistischen Sowjetrepubliken,30
417,Buddhismus,63118
418,Napoleon Bonaparte,117450
419,Wasserl√§ufer,7599
420,Hasen,10532
421,Industriemechaniker,2682
422,Nordzypern,49
423,Saturn (Planet),56015
424,FC Barcelona,200421
425,Heil Hitler,25
426,Mogis,270
427,Satzgruppe des Pythagoras,10180
428,Europa,66548
429,Gaius Iulius Caesar,94789
430,Computer,32627
431,Der Besuch der alten Dame,32175
432,Subtropen,6767
433,Saurer Regen,16076
434,Immanuel Kant,123416
435,Heidi Samuel,29
436,Libellen,41737
437,Fettleibigkeit,56866
438,Bienen,34436
439,Bronx,29126
440,Obama,31
441,Kackenk√∂pfe,2499
442,Mitose,39023
443,Meiose,27359
444,Church of Satan,16855
445,R√∂misches Reich,82080
446,Sven-David M√ºller-Nothmann,37
447,Wiki,42530
448,Weimarer Klassik,19231
449,Monitoring (Studio),37
450,Kanzleramt,1957
451,Godwin‚Äôs law,8620
452,ISBN-Nummer,54
453,Arier,37711
454,Coffein,58130
455,Liebe,79082
456,Bill Gates,40352
457,James Watt,20064
458,Habbo Hotel,30206
459,Supply Chain Management,42
460,Generalvollmacht,10323
461,Bericht (Journalismus),6652
462,Pussy,816
463,Farin Urlaub,19463
464,Sauerstoff,78611
465,V√∂geln,7608
466,Schmetterlinge,111234
467,Johann Fabri (Dominikaner),100
468,KZ Buchenwald,93720
469,Bob Marley,29010
470,Alessandro Volta,15109
471,Krankheit,33368
472,Hochzeitsfotojournalist,38
473,Allah,26506
474,Magnetismus,46766
475,Finanzkapital,6940
476,(134340) Pluto,19
477,Forum,1563
478,Warschauer Aufstand (1944),38
479,Serbische Sprache,33036
480,Wasserstoff,89072
481,T.E.C.,22
482,Stickstoff,45721
483,Homo sapiens (Begriffskl√§rung),1088
484,Homer,22730
485,Gl√§serr√ºcken,2439
486,Religion,138632
487,BMW,86856
488,Schabbat,117897
489,Uranus (Planet),73872
490,Ostermarsch,36234
491,Britney Spears/Diskografie,29452
492,Klobesen,35
493,Pr√§position,14982
494,Bermudadreieck,31086
495,Urin,61774
496,Gro√üer T√ºmmler,14295
497,Wellensittich,34745
498,Klima,107864
499,Sibirischer Tiger,23572
500,Insekten,80237
501,Penis des Menschen,33519
502,Taumatawhakatangihangakoauotamateturipukakapikimaungahoro-Nukupokaiwhenuakitanatahu,99
503,Judentum,45239
504,Vivian Schmitt,5585
505,V√∂gel,59276
506,Christian (Begriffskl√§rung),1704
507,Muschi (Ort),3970
508,Borussia M√∂nchengladbach,230744
509,Heiliger Krieg,52589
510,Freiheitsstatue,88208
511,Bauernkalender,143
512,Muhabbet,7486
513,MOK,6040
514,Judensau,112597
515,Waagerechter Wurf,5454
516,Labrador Retriever,22176
517,Kindersoldat,22285
518,Kloster,29653
519,Oma,1772
520,Eichen,63671
521,Pipeline,59433
522,Haddsch,20770
523,Weltjudentum,33200
524,Ohrenqualle,4977
525,Menstruationszyklus,21800
526,Odysseus,74507
527,Menstruation,19599
528,Blue Ray,33
529,Blue-Ray,33
530,Blue-Ray Disc,33
531,Blue-Ray-Disc,33
532,Blue-ray,33
533,BlueRay,33
534,Blueray,33
535,Hallo,9236
536,Wei√ükopfseeadler,23147
537,Perseus (Sohn des Zeus),14666
538,Merkantilismus,87608
539,Herr Mannelig,8551
540,Christoph H√∂ffel,30
541,Kasino-Kapitalismus,36199
542,Astigmatismus (Optik),113
543,Koma (Optik),72
544,Existenzminimum,15110
545,Ghost Rider (Motorradfahrer),4640
546,Vincent van Gogh,128266
547,Fliegen,20458
548,Mama (Begriffskl√§rung),1909
549,Zecken,33244
550,Kiefern,28640
551,Mongo Clikke,22
552,Gemeiner Grash√ºpfer,4837
553,Hundekot,13567
554,Ashley Tisdale,13694
555,Snoop Dogg,31485
556,Dellendr√ºcker,50
557,Onlinespiel,6517
558,Schei√üen,23
559,Markus Pytlik,4226
560,-philie,5933
561,Das Eiserne Kreuz,3012
562,Cradle of Filth,26256
563,Kupfer,69085
564,Trauerarbeit,38
565,Essst√∂rung,31102
566,Toshka,33
567,Anne Frank,86589
568,Land (Deutschland),59812
569,Eminem,59521
570,Martin Luther,191424
571,Soziale Frage,26567
572,Analfick,25
573,Kacke,2796
574,Das Gesicht Mohammeds,39
575,Anal,367
576,Sadaqat Ahmed,56
577,Shit,377
578,Cunt,375
579,John Locke,71089
580,Zentrale f√ºr Unterrichtsmedien im Internet,14571
581,Geschlechtsmerkmal,4610
582,Allerheiligen,15448
583,Counter-Strike,49516
584,Nerd,17887
585,Novemberpogrome 1938,140329
586,J√ºdische Speisegesetze,139790
587,Homo sapiens,91
588,Vince Tomas,22
589,Lohnwucher,10915
590,Maulw√ºrfe,34853
591,Zweite industrielle Revolution,7964
592,Tropischer Wirbelsturm,31896
593,Scrubs ‚Äì Die Anf√§nger,62701
594,Minnesang,26236
595,Christine N√∂stlinger,32438
596,Bibel,78013
597,Wodka,18004
598,Natural Dogmanship,24
599,Wasserkreislauf,5649
600,Glaziale Serie,12608
601,Olympische Spiele der Antike,29179
602,Passat (Windsystem),13120
603,Vanessa Hudgens,52727
604,Kohlenstoffdioxid,105867
605,Wolfsheim,27333
606,Steptokokken,34
607,Green Day,26730
608,Kurzgeschichte,16172
609,Apple Remote,24
610,Phosphors√§ure,17940
611,Blei,92863
612,Perfekt,3423
613,Claudia Massari,2952
614,Blut,46378
615,Aqu√§dukt,20801
616,J√∂rg,6150
617,Mohammed-Karikaturen (Jyllands-Posten),39
618,Jupiter (Planet),60032
619,Emre,3656
620,Alois Stimakovits,2735
621,Wetter,19292
622,Robbie Williams,43128
623,Kool Savas,72434
624,Bewerbung,43087
625,Krishna,12552
626,Haftbefehl (Rapper),19483
627,Christentum,63015
628,Braunb√§r,83660
629,Bushid≈ç,9456
630,Petting,4715
631,Hitler (Begriffskl√§rung),1480
632,BƒÉlgarska Socialistiƒçeska Partija,52
633,Koran,49482
634,Naruto (Manga),130981
635,Deine Mutter,31
636,Sturm der Liebe,200314
637,Klimazone,16765
638,Adolph Kolping,22535
639,"Karneval, Fastnacht und Fasching",65639
640,Elektrischer Strom,25810
641,Sowjetunion,120652
642,Qualle,24517
643,Buch,28764
644,Spastik,24975
645,Empire State Building,51117
646,Lybien,27
647,Beleidigung (Deutschland),49163
648,Fichten,28527
649,Asozial,546
650,Casual Dating,24
651,Romantik,77155
652,A,15619
653,Arschloch,12300
654,Deine Mudda,36
655,Entwicklungsland,47697
656,Yu-Gi-Oh,28
657,Vererbung der Intelligenz,44
658,Bundesrat (Deutschland),97945
659,Raphael Bonelli,32
660,Judea declares war on Germany,67
661,√Ñpfel,21890
662,Goldene Zwanziger,29297
663,Vulkan,27205
664,Michail Sergejewitsch Gorbatschow,72951
665,Franz von Assisi,95307
666,Ehrenmord,48757
667,Cem √ñzdemir,54844
668,J√ºdische Religion,21585
669,Gott,135467
670,Leonardo da Vinci,118859
671,Vitalbeere,46
672,T√ºrken,22208
673,Holocaust (Begriffskl√§rung),595
674,Gro√üeltern,48278
675,Juden,27530
676,Wolfgang Stock (Journalist),25705
677,Niederschlag,24204
678,Salzs√§ure,18966
679,Bass Sultan Hengzt,11061
680,Tornado,35200
681,Alkohole,38860
682,Salpeters√§ure,20261
683,Vanilla Ninja,36242
684,Moskau,126662
685,SpVgg 1906 Haidhausen,34
686,Deutsch-t√ºrkische Waffenbr√ºderschaft,61
687,Yahya G√ºlay,1412
688,Cena,473
689,SWR,30
690,Geschlechtsorgan,15944
691,Italienische Mafia,40766
692,Hausschwein,31671
693,S√§uren,34889
694,√ñtzi,77087
695,Wilhelm Buggle,2483
696,Liste von Vereinen in Wuppertal,26334
697,Pfosten,878
698,Kernwaffentechnik,68832
699,Haus der Verantwortung,38
700,Ohr,21279
701,Elisabeth von Thurn und Taxis (Journalistin),8121
702,London,119631
703,Unabh√§ngigkeitserkl√§rung der Vereinigten Staaten,26999
704,NGC 421,184
705,Moin Moin,18
706,Erde,61653
707,Hurenkind und Schusterjunge,9621
708,Samenerguss,16685
709,Ische,84
710,Buchhalter,10321
711,Eisen,151308
712,Die Wolke,20229
713,Stumpfsinn,155
714,Der Richter und sein Henker,12685
715,Liste von Phobien,23214
716,Alkalimetalle,17340
717,Platin,33662
718,Planet,41682
719,Schildkr√∂ten,69281
720,Isaac Newton,61534
721,Kfz-Mechatroniker,9809
722,Bericht,612
723,Jona,41679
724,Temperaturextrema,23502
725,Volleyball,198733
726,Nahtod-Erfahrung,34
727,Proteine,26
728,Ha-Ha,8508
729,Azad (Rapper),11250
730,Lady Gaga/Diskografie,41401
731,Anus,12564
732,Osama bin Laden,123743
733,Bruchrechnung,26177
734,Kanacke,25
735,Bong,9004
736,Liste von Begriffen des Drogenkonsums,25458
737,Berliner Mauer,186317
738,Wolfgang Borchert,90255
739,Hakan,3831
740,Diktatur,93017
741,Gold,148565
742,Stuhlgang,12554
743,Mathematik,37511
744,Robyn Fenty,26
745,Terroranschl√§ge am 11. September 2001,174741
746,Elisabeth Prinzessin von Thurn und Taxis,48
747,Cham√§leons,53643
748,Ersguterjunge,35917
749,Gerhard Hasse,6171
750,Hans Sarpei,13072
751,Big Ben,14554
752,Weihnachten,155544
753,Sekte,36950
754,Elektromotor,40229
755,Sonnenenergie,21762
756,Wattwurm,7305
757,Inuit,23524
758,Arktis,48415
759,Helium,68261
760,Reggae,21678
761,Mongoloid,26
762,Micaela Sch√§fer,15797
763,Ejakulation,436
764,Luiza Borac,9735
765,Politisches Testament Adolf Hitlers,62719
766,Universum,28368
767,Badminton,65724
768,Salvia divinorum,65
769,Gotik,162056
770,Mars (Planet),125148
771,Islamischer Dschihad,53
772,Pok√©mon,40711
773,Ondrej Nepela,8710
774,Tierpflegerin,25
775,Zweiter Weltkrieg,386807
776,Honk,766
777,Fuchsstadt (Stadtlauringen),1689
778,Ina Borrmann,4096
779,Smiley,12098
780,Lol (Fluss),2847
781,Wappen Spaniens,12522
782,Chlor,57681
783,Thermische Energie,3568
784,Borkenk√§fer,48035
785,Das Venus-Projekt,44
786,4chan,53874
787,Wolfgang P≈ôiklopil,640
788,Isotop,14053
789,Waldameisen,15574
790,Schempp-Hirth Duo Discus,5686
791,Heinrich B√∂rnstein,20340
792,Energydrink,24729
793,Ohrw√ºrmer,23828
794,Vergasung,657
795,Verbrechen der Wehrmacht,193257
796,Passierschein A 38,83
797,Opfer (Schimpfwort),10002
798,Deine Mudder,36
799,Seewolf,28
800,Kreuzzug,57192
801,D√∂ner,31
802,Vietnamkrieg,240110
803,Amische,91858
804,Herakles,38148
805,Hurrikan,35298
806,Hornisse,31184
807,Wladimir Iljitsch Lenin,103255
808,Halogene,16396
809,Robby Rob,34
810,Echte Wespen,29321
811,BF4,208
812,Mainboard,26
813,Aggregatszustand,29
814,Sophie Scholl,36478
815,B√ºrokaufleute,32
816,H√§sslich,27
817,Rainer Maria Woelki,105743
818,Chuck Norris,22655
819,Daoismus,69017
820,Johann Sebastian Bach,146111
821,Bullenreiten,3288
822,Victorious/Episodenliste,82941
823,Lady Gaga,41048
824,Shisha,37059
825,Theodor Fontane,68876
826,Elisabeth Neier,2142
827,Duo Discus,43
828,NGC 68,368
829,Hinduismus,121465
830,Baum,60695
831,Snoop Lion,57
832,Lenin,42
833,Holokaust,28
834,Deutsche Revolution 1848/49,48
835,Rechte Esoterik,50
836,Physik,47471
837,Edda Minck,7449
838,Vereinigte Staaten,283404
839,Senkaku-Inseln,47672
840,World of Warcraft,89528
841,Wolpertinger,7086
842,Phorum,1621
843,Synagoge,35456
844,Vereinigte Staaten von Amerika,37
845,Milit√§rprojektion,67
846,Jugendarbeitsschutzgesetz,11949
847,Ralf Liedtke,5133
848,Vogelspinnen,27848
849,Automobil,40557
850,Satz des Pythagoras,57966
851,Bausparkasse Schw√§bisch Hall,7375
852,Mittelalter,66506
853,Deine-Mutter-Witz,14943
854,Fette,28106
855,Kohlenhydrate,75805
856,Blume (Botanik),25
857,Alkalische L√∂sung,9122
858,Beleidigung,541
859,Dubstep,18185
860,Urheberrecht (Deutschland),57053
861,Pfingsten,39685
862,Deutsches Urheberrecht,46
863,Planetenerkundung,24
864,Haushund,124914
865,Fat Joe,13660
866,Aralsee,42539
867,Dragon Ball,82320
868,David McAllister,19474
869,Rudolf H√∂√ü,60965
870,Nigga,229
871,Magnesium,57346
872,Chihuahua (Hunderasse),5180
873,Dummheit,10404
874,Diphtherie,29625
875,Perseus (Mythologie),42
876,Super-Chandrasekhar-Supernova vom Typ Ia,7728
877,Kartograf,14754
878,Jackie Chan,39931
879,2MASS J12501166+3925582,43
880,AIDS,143371
881,KZ Auschwitz II Birkenau,40
882,Heuaufguss,2724
883,Barbie,40418
884,Biber,37812
885,Thermonukleare Supernova vom Typ Ia,23
886,Zenit (Nachrichtenagentur),4854
887,Windpocken,36362
888,R√∂teln,34630
889,Ludwig van Beethoven,130196
890,London Dungeon,1616
891,J. R. R. Tolkien,52829
892,Alkohol,389
893,√Ñgyptische Hieroglyphen,84601
894,Siberian Husky,7441
895,Beth Nahrin,31
896,Arische Rasse,24
897,Sandra Speichert,7666
898,Barakuda,43
899,Eichenlaub (Band),6335
900,Pupert√§t,30
901,Wolfgang Priklopil,52
902,Swag,4859
903,Ulrich Lichtenthaler,12452
904,Cro (Rapper),30076
905,Musiktheater,6003
906,Big Time Rush,27050
907,Barock,111171
908,CFD,900
909,Romulus und Remus,23633
910,Dietrich Bonhoeffer,109247
911,Gay Lord,26
912,Kristen Stewart,33989
913,Bushido (Rapper),93498
914,Gro√üe Kalifornische Schl√ºssellochschnecke,4960
915,Privilegiertes Uniformiertes Grazer B√ºrgerkorps,67
916,Wartburgfest,32311
917,Fliegendes Spaghettimonster,57479
918,David Guetta,97582
919,Kosovo,187934
920,Yolo,674
921,Au√üerchristliche Notizen zu Jesus von Nazaret,72
922,Schniedel,24
923,Pedob√§r,19
924,Rechtsextremismus,125641
925,Elektromagnet,21334
926,Aschermittwoch,11395
927,Stalin,31
928,Nelson Mandela,87053
929,Wasserversorgung im R√∂mischen Reich,26560
930,Gentechnik,42579
931,Zach Galifianakis,10144
932,W√ºste,28242
933,Plusquamperfekt,8305
934,Drei√üigj√§hriger Krieg,134186
935,Edelsteinbestattung,31
936,Liste der reichsten Deutschen,52
937,Stati,30
938,Analkette,67
939,Saxophon,37496
940,Chuck Norris Facts,6454
941,Wasser,72222
942,MILF,800
943,Sydney,77514
944,"Leck mire den A‚Ä¶ recht schon, fein sauber",62
945,Theodor Ballauff,10459
946,Skateboard,18870
947,Anlassverfahren,20272
948,Iloprost,26
949,Latinum,6997
950,Kariesinfiltration,43
951,Rettungshund,27711
952,Thomas Hornauer,11307
953,Galileo Galilei,77474
954,Hermes,15550
955,Miley Cyrus,57181
956,Usain Bolt,95889
957,Franck Rib√©ry,36026
958,Trag√∂die,13928
959,Kacken,28
960,Peter Fox,16136
961,Klob√ºrste,30
962,Kernspaltung,22938
963,Auge,31567
964,Schmerztherapie,42713
965,Peter I. (Russland),35
966,Schwefels√§ure,42330
967,Albanien,176929
968,Schokolade,67343
969,Initiative Neue Soziale Marktwirtschaft,55473
970,Ficken,11011
971,Eurasisches Eichh√∂rnchen,43552
972,"Matices - Zeitschrift zu Lateinamerika, Spanien und Portugal",26
973,Wildschwein,92920
974,Moschee,24127
975,AC/DC,37209
976,Held,23380
977,Florian,11680
978,Temperatur,39348
979,San Francisco,73716
980,Brasilien,228288
981,Michael Schumacher,193353
982,Nationalsozialismus,90913
983,Sonnensystem,41428
984,Kolosseum,25085
985,Erster Weltkrieg,454811
986,Jennifer,5465
987,YouTube,118766
988,Zahnmedizinischer Fachangestellter,13468
989,Butt-Head,52
990,Grad Celsius,14211
991,Spanien,159694
992,Christenverfolgung,91976
993,Will Smith,32178
994,Metin2,18199
995,Kernkraftwerk,89730
996,Johann Wolfgang von Goethe,276377
997,Republik Krim,539
998,Schwefel,117060
999,Gr√ºndonnerstag,37056
1000,Wasserkraft,36463
1001,F√ºnf Schl√∂sser,75
1002,Sucht,42
1003,Fall des ¬´Heilers von Bern¬ª,4480
1004,Maya-Zivilisation,59397
1005,Dragonball,30
1006,Away from Keyboard,51
1007,Deniz Naki,20585
1008,Niger,93754
1009,Sicherheitsverwahrung,39
1010,Jugendstrafrecht (Deutschland),15853
1011,Netiquette,13024
1012,Wasserstofffusion,37
1013,Salze,26665
1014,Kanada,216697
1015,ArtRave: The Artpop Ball,14495
1016,Heroin,75875
1017,Franz Schubert,77632
1018,Klorolle,41
1019,R. L. Stine,12936
1020,U-Bahn-Linie 35 (Bochum),8947
1021,Skorpione,38623
1022,Martin Goeres,5871
1023,Tagebuch der Anne Frank,49356
1024,Habbo.cr,30
1025,Index.php,27
1026,Kr√ºppel,4602
1027,Pferde,156884
1028,ENERGY Wien,30
1029,Kot,30193
1030,Itti,26
1031,The Hidden Wiki,3140
1032,Adolf Hitler,312052
1033,Sexueller Missbrauch in der r√∂misch-katholischen Kirche,158722
1034,Die Leiden des jungen Werther,49
1035,AfD,73
1036,Albert Einstein,156340
1037,Pisse,232
1038,Tower Bridge,13969
1039,Neymar,48881
1040,Lehrer,24863
1041,Fu√üballweltmeisterschaft,45
1042,Bemannte Raumfahrt,20169
1043,Schuluniform,17608
1044,Beitrittsverhandlungen der T√ºrkei mit der Europ√§ischen Union,81443
1045,Software,41373
1046,Fabian (Name),8433
1047,Siegfried Heimberg,6174
1048,Lala S√ºsskind,8038
1049,IP-Adresse,34574
1050,Wichse,280
1051,Zwillinge (Tierkreiszeichen),2518
1052,Magersucht,30
1053,BKK-W√ºrth,29
1054,R√∂misch-katholische Kirche,54116
1055,L√∂we (Tierkreiszeichen),2310
1056,Krebs (Tierkreiszeichen),2389
1057,Stier (Tierkreiszeichen),2579
1058,Fische (Tierkreiszeichen),3020
1059,Wassermann (Tierkreiszeichen),2423
1060,Neuapostolische Kirche,119608
1061,42 (Antwort),13077
1062,Kelvin,20750
1063,Joule,16327
1064,Kernenergie,217506
1065,Newton (Einheit),7320
1066,Kernfusion,28019
1067,Kraftwerk,66396
1068,Gravitation,43881
1069,Norwegen,180650
1070,Pablo Picasso,165277
1071,Ku-Klux-Klan,57444
1072,Papst,50634
1073,Abraham Lincoln,98561
1074,Antonius Hilfrich,6462
1075,Daimler (Unternehmen),38
1076,Christoph Kolumbus,80951
1077,Natronlauge,7551
1078,Fu√üball,77395
1079,Wehrhain,6657
1080,L√∂we,73763
1081,Rhapsody,691
1082,Wikinger,152462
1083,Bakterien,47438
1084,Merkur (Planet),78021
1085,Tiger,104625
1086,Kalle Stropp und sein Freund Boll,444
1087,Spast,166
1088,Hitlerputsch,36494
1089,Star Wars Kid,5999
1090,Kaimai Ranges,248
1091,Luftangriffe auf Dresden,152956
1092,Thaiistik,7327
1093,Volker Grabowsky,5741
1094,Der K√∂nig der L√∂wen (Musical),17716
1095,Johnny Depp,56907
1096,Ameisen,102890
1097,Marco Polo,63510
1098,Ares,8344
1099,Filmmusik,33891
1100,Viren,82186
1101,Offene Handelsgesellschaft,67531
1102,Absolutismus,91232
1103,Sch√∂pfung,39170
1104,LOL,5835
1105,Rosa Parks,17421
1106,Medizinischer Fachangestellter,18895
1107,Amphetamin,58540
1108,Faust. Eine Trag√∂die,102439
1109,Kalifornien,84078
1110,Princess of Cambridge,37
1111,Golden Retriever,21408
1112,YOLO,4500
1113,Feuersalamander,100837
1114,Aristoteles,176405
1115,Eau de Toilette,41
1116,Toilettenb√ºrste,2662
1117,Jaguar,34909
1118,Azteken,49634
1119,Steve Jobs,48172
1120,Schiff,19580
1121,Krieg,156280
1122,Liste der Streitkr√§fte der Welt,42
1123,Gesetzliche Rentenversicherung (Deutschland),89356
1124,Beihilfekasse,63
1125,Flaschenzug,28060
1126,P√§dophilie,91863
1127,Umweltverschmutzung,14124
1128,Industrielle Revolution,103483
1129,Das Venus Projekt,44
1130,Cannabis,50
1131,Selbstbefriedigung,26
1132,Frau,55063
1133,Mahatma Gandhi,45
1134,Private Krankenkasse,41
1135,N√ºlle,33
1136,Sex,63859
1137,Penis,5353
1138,Magnus G√§fgen,28660
1139,Rosa Luxemburg,177814
1140,Antisemitismus,57519
1141,New York City,155717
1142,Bundeskanzler (Deutschland),105719
1143,Helga Schauerte-Maubouet,6528
1144,Schiefe Ebene,22089
1145,Konrad Adenauer,126205
1146,Wei√ügerberviertel,37
1147,Wei√ügerbervorstadt,37
1148,Masern,123440
1149,Industrialisierung,17102
1150,Dragqueen,12065
1151,Myriam von M,14596
1152,Edelgase,40282
1153,Swastika,160923
1154,Liste der Tr√§ger der deutschen Gesetzlichen Krankenversicherung,48
1155,DIN 5008,18747
1156,Brad Pitt,32523
1157,K√ºhlschmiermittel,13026
1158,The Presidents of the United States of America,7774
1159,Sixpence None the Richer,7882
1160,Google,62887
1161,Eva Braun,17793
1162,William Shakespeare,84575
1163,Rationale Zahl,24850
1164,Desoxyribonukleins√§ure,84316
1165,Schutzstaffel,66017
1166,Entenv√∂gel,35952
1167,Japanischer Schulbuchstreit,23687
1168,Vandalismus,26086
1169,Parlamentswahlen in der Mongolei 1924‚Äì1949,2412
1170,Jugendschutzgesetz (Deutschland),28675
1171,Dreieck,29668
1172,Hospiz,33167
1173,Indisch Blau,49
1174,Mormonentum,102778
1175,Pest,75951
1176,Weichteilhemmung,3524
1177,Zahnformel,15236
1178,Vorpommersche Boddenlandschaft,62
1179,Michael Jordan,44946
1180,Arschficksong,15011
1181,Polargebiet,49157
1182,Polizei,40059
1183,Gronkh,41392
1184,Zeus,19380
1185,Todesstrafe,284161
1186,National Security Agency,89640
1187,Nicklas Bendtner,15718
1188,5 Seconds of Summer,29654
1189,Tape Art,8377
1190,Taschenmuschi,37
1191,Herpes simplex,64901
1192,Flucht und Vertreibung Deutscher aus Mittel- und Osteuropa 1945‚Äì1950,72636
1193,Reihenschaltung,18062
1194,Alan Rickman,17402
1195,Fett,1198
1196,Schwertwal,53697
1197,Lobau,26086
1198,Liste der gesetzlichen Krankenkassen in Deutschland,48
1199,Meerschweinchen,73565
1200,Tower of London,102869
1201,Penisk√§fig,12509
1202,Franz√∂sische Fu√üballnationalmannschaft,134002
1203,John F. Kennedy,74308
1204,Rond√≤ Veneziano,15391
1205,RMS Titanic,193757
1206,Humanistisches Judentum,6271
1207,Iphigenie auf Tauris,29978
1208,Ludwig XIV.,96727
1209,Elektrische Spannung,38015
1210,Diamant,92686
1211,Private IP-Adresse,7433
1212,Robert Falcon Scott,86189
1213,Selahattin Demirta≈ü,25938
1214,Gips,45499
1215,Ethanol,73349
1216,Schattenkinder (Buch),4862
1217,Olympische G√∂tter,10887
1218,Adidas,80110
1219,BKK Merck,28
1220,Taufe,92014
1221,Rote Armee Fraktion,113216
1222,U-Bahnlinie 35 (Bochum),43
1223,Sika Schweiz AG,21
1224,Aufkl√§rung,320553
1225,Heiko Lochmann,423
1226,Aluminium,129069
1227,Fronleichnam,95569
1228,Christi Himmelfahrt,27202
1229,Pegida,301182
1230,Kosovarische Fu√üballauswahl,58
1231,Von der schwedischen Reichsbank in Erinnerung an Alfred Nobel gestifteter Preis f√ºr Wirtschaftswissenschaften,79
1232,Schweden,151987
1233,Lucas Cordalis,5655
1234,Otto Waalkes,52108
1235,Majoe & Jasko,3559
1236,Partiya Karker√™n Kurdistan,44
1237,Kiffer,44
1238,Claus Schenk Graf von Stauffenberg,77466
1239,Max von der Gr√ºn,29540
1240,Elektron,21045
1241,Sterbehilfe,170933
1242,Todesopfer rechter Gewalt in Deutschland,85
1243,Weltknuddeltag,5082
1244,Pfarrkirche Wien-Neusimmering,45
1245,Pfarrkirche Neusimmering,45
1246,Zuckerallergie,49
1247,Dave Batista,32
1248,Energy-Drink,30
1249,Georg Friedrich Wilhelm Schaeffler,3870
1250,Aufsperrdienst,29
1251,Geschlechtsverkehr,41456
1252,Paris,164351
1253,Bl√§hung,34673
1254,Minecraft,139625
1255,Giraffe,27
1256,Schmarrn,1343
1257,Methamphetamin,64998
1258,HK 33,5216
1259,50 Cent,18381
1260,Deutsch,1361
1261,FC Bayern M√ºnchen,287110
1262,Deutsche,115879
1263,Hauskatze,179906
1264,Psilocybinhaltige Pilze,68454
1265,SOS-Kinderdorf,22562
1266,Diego Vel√°zquez,46905
1267,Amokflug,26
1268,Flexi (Unternehmen),3846
1269,Wladimir Putin,49
1270,Gregs Tagebuch,18903
1271,Blutige Weihnachten (1963),24089
1272,Gotthold Ephraim Lessing,55166
1273,Deutsches Institut f√ºr Jugend und Gesellschaft,126
1274,Mama,57
1275,Rumi (Dichter),24489
1276,Kneiph√∂fisches Rathaus,44
1277,Harry Potter,78332
1278,Sickergrube,4034
1279,Kneiph√∂fsches Rathaus,44
1280,Martin Luther und die Juden,168327
1281,Liste phobischer St√∂rungen,36
1282,Star Wars,186723
1283,Belgien,136733
1284,Fleischpenis,39
1285,Blutpenis,39
1286,Mordanschlag,22
1287,Elektrische Leistung,8009
1288,Rechtsradikalismus,301
1289,Barmer Ersatzkasse,11875
1290,Barmer GEK,37
1291,Sparda-Bank Ostbayern,3021
1292,Reichsidee,9786
1293,Popel,1496
1294,Liste der gr√∂√üten St√§dte in Serbien,14053
1295,Behinderung,114912
1296,Delfine,35261
1297,Bad Romance,24689
1298,Venus (Planet),139332
1299,Blindenwerkstatt,25
1300,Wei√üer Hai,42886
1301,Pedo,265
1302,Homosexualit√§t,169428
1303,Antikes Griechenland,121002
1304,Italien,230998
1305,Nordkorea,174031
1306,Tropen,8682
1307,Schurzen,46
1308,Politik,39976
1309,Joanne K. Rowling,56405
1310,Haie,53870
1311,Oktoberfestattentat,115043
1312,Popmusik,23165
1313,RB Leipzig,124242
1314,Legierung,32436
1315,Urknall,48633
1316,Griechisch-T√ºrkischer Krieg,37210
1317,Hitlerjugend,67094
1318,Âçê,21
1319,Âçç,21
1320,Rothschild (Familie),47077
1321,Remen,59
1322,Era Istrefi,9774
1323,Microsoft,121890
1324,Jugoslawien,24004
1325,Westminster-Palast,40
1326,Zweiter Tschetschenienkrieg,23126
1327,Toni der Assi,7399
1328,Br√ºder Grimm,38076
1329,Deutscher Bundestag,176474
1330,V√∂lkerwanderung,220864
1331,Malcolm X,39817
1332,LSD,68954
1333,Meteorit,53881
1334,Gallowwalkers,11821
1335,Dildo,9739
1336,L√©onie Abo,2781
1337,Chat,14181
1338,Buch Jona,154
1339,Echinocereus kroenleinii,36
1340,Echinocereus tamaulipensis,36
1341,Claudia Kemfert,34930
1342,Richard L√∂wenherz,141506
1343,Braunkohle,27411
1344,Evangelisch,4444
1345,Borealer Nadelwald,45557
1346,Mariengymnasium Arnsberg,11023
1347,Liste deutscher privater Krankenversicherer,14758
1348,Gaskammer (V√∂lkermord),41
1349,Entstehung der Erde,13394
1350,Dagi Bee,15825
1351,Zypern,55060
1352,Identit√§re Bewegung,99292
1353,Ziegen,12549
1354,Defend Europe,48
1355,Kinderarbeit,42425
1356,Marvin,5448
1357,Iberia L√≠neas A√©reas de Espa√±a,39134
1358,Max Frisch,112233
1359,Hilfswerk der Vereinten Nationen f√ºr Pal√§stina-Fl√ºchtlinge im Nahen Osten,31138
1360,Land-See-Windsystem,6659
1361,Germanische Neue Medizin,60
1362,Missgeburt,25
1363,Niki Luftfahrt,18824
1364,Caitlyn Jenner,15077
1365,Slender Man,12789
1366,Simmel-Kapelle,5196
1367,Pfarrkirche Hochkrumbach,33
1368,Blauwal,24023
1369,Jacob Sartorius,7115
1370,PUBG: Battlegrounds,52877
1371,GermanLetsPlay,17801
1372,Necmettin Erbakan,17037
1373,V√∂lkermord an den Aram√§ern,56
1374,Online-Spiel,30
1375,Jane Goodall,24153
1376,Weberknechte,58357
1377,Venedig,206095
1378,Hauptplatine,15279
1379,Hochofen,106439
1380,Biosph√§renreservat Spreewald,19205
1381,Schnabeltier,28145
1382,Ebstorfer Weltkarte,10780
1383,Windenergie,143687
1384,Kurdistan,29033
1385,Bundeszahn√§rztekammer,7132
1386,Tetanus,38954
1387,Tourette-Syndrom,39526
1388,Abtei Unserer Lieben Frau Chau Son Don Duong,45
1389,Arbeiterpartei Kurdistans,184068
1390,Lappen,776
1391,Forz,26
1392,Tollwut,60185
1393,Ban≈´ Quraiza,96786
1394,Hanf als Rauschmittel,44
1395,Franz√∂sische Revolution,151864
1396,Ebolavirus,58135
1397,Vi≈°egrad,10029
1398,Long Dong Silver,3515
1399,Liste von Kryptow√§hrungen,30947
1400,Mood-Technik,3157
1401,Mickey-Mousing,5182
1402,Thorsten Schr√∂der,9936
1403,Dag-Alexis Kopplin,380
1404,Didgeridoo,19789
1405,Ready Player One (Roman),10081
1406,Barack Obama,215402
1407,Bartolomeu Dias,16932
1408,Friedensvertrag von Versailles,63030
1409,Gregor Mendel,73849
1410,Artikel 1 des Grundgesetzes f√ºr die Bundesrepublik Deutschland,7925
1411,Wolfgang Aigner (Politiker),5452
1412,Masturbation,60304
1413,2001,86730
1414,Wirtschaft im Mittelalter,6407
1415,Kurf√ºrstentum Sachsen,262539
1416,Klonen,24760
1417,Zigeuner,74985
1418,Michael Bittner (Maueropfer),4622
1419,S√ºdzucker BKK,3202
1420,Flatexdegiro,21772
1421,Homo erectus,69120
1422,Deutschland,283674
1423,Julia Kl√∂ckner,58702
1424,Hamburger SV,329141
1425,David Motadel,5564
1426,Odin,44371
1427,Hades,14467
1428,Abdullah √ñcalan,54740
1429,Die Drogen,7846
1430,Heinrich Himmler,95244
1431,Konflikt in Syrien seit 2011,51
1432,HSV,31
1433,Daniel Cohn-Bendit,88060
1434,Banu Quraiza,32
1435,Scheich Scharaf ad-Din,4036
1436,Melek Taus,9856
1437,Verschw√∂rungstheorien zum 11. September 2001,202397
1438,KIIS-FM,2934
1439,Denkmal f√ºr die ermordeten Juden Europas,53317
1440,Alsfeld,62233
1441,Crumble,1727
1442,Stadt Luxemburg,36
1443,Lutz Bachmann,43484
1444,Andreas Steinh√∂fel,22794
1445,HPV-Impfstoff,72436
1446,Fastenzeit,28732
1447,L. Ron Hubbard,27209
1448,Heinz-Christian Strache,144056
1449,Emden zur Zeit des Nationalsozialismus,136592
1450,G√ºllefass,8871
1451,Karfreitag,44003
1452,Gnom (Rakete),2393
1453,Sisyphos,20953
1454,Candiru,27
1455,Kernwaffe,91295
1456,Au√üerk√∂rperliche Erfahrung,45202
1457,A.F.C. Paderborn Dolphins,41
1458,Treibhauseffekt,66375
1459,Kollegah,108247
1460,Chemtrail,25797
1461,Tsunami,49068
1462,St.-Veit-Kirche (G√§rtringen),41277
1463,HK33,24
1464,Peter Schnaubelt,4083
1465,Euklid,17991
1466,Latein,65704
1467,Veraschen,7306
1468,Romeo und Julia,72555
1469,Alkene,22984
1470,Zelle (Biologie),28642
1471,Psychagogische Psychotherapie,7354
1472,Ren√© Bloch (Mediziner),5177
1473,Axel Hilpert,11332
1474,G√ºnther Kratsch,5016
1475,Gotthold Schramm,5312
1476,Scientology,106153
1477,PH-Wert,34856
1478,Vitamin,37659
1479,Ion,12482
1480,Niere,52213
1481,Chemische Reaktion,56609
1482,"Harry, Duke of Sussex",27512
1483,Existenzrecht Israels,75086
1484,Waldbrand bei Wei√üwasser 1992,5089
1485,Internationaler Franz F√ºhmann Freundeskreis,38
1486,Cola,18676
1487,Atombombenabw√ºrfe auf Hiroshima und Nagasaki,94769
1488,Roger Federer,198890
1489,Helix (Tumbler),3399
1490,√Ñgypten,150837
1491,Norbert Gallinnis,4265
1492,Englische Sprache,34207
1493,Christlich Demokratische Union Deutschlands,133939
1494,Mesut √ñzil,100263
1495,Biomasse,49197
1496,Klempner,18422
1497,Geschichtsrevisionismus,51357
1498,Hilferufe von dr√ºben (Verein),2565
1499,Apple,148563
1500,Sonnenstaatland,4046
1501,Trabzonspor,53549
1502,Zigeunersauce,7749
1503,≈†arplaninac,4569
1504,Habets,317
1505,Natriumchlorid,31033
1506,Israel,246218
1507,Deutsche Nationalhymne,39584
1508,Pille danach,40028
1509,Liste der gr√∂√üten deutschen St√§dte,36690
1510,Eulen,28365
1511,Praxedis Genevi√®ve Hug,7604
1512,Nikola Tesla,69831
1513,Liste von Gedenk- und Aktionstagen,214433
1514,Neandertaler,220332
1515,Klimawandel,154057
1516,Process Communication Model,26
1517,Nikolaus Kopernikus,66157
1518,Martin Luther King,81069
1519,Capgemini Consulting,35
1520,K√§ngurus,30781
1521,Michael Jackson,117579
1522,Center for European Policy Analysis,3598
1523,Mainline-Kirche,34
1524,Mustafa Kemal Atat√ºrk,75648
1525,Rados≈Çaw Gajek,3841
1526,Marihuana,16663
1527,üí©,60
1528,Eiffelturm,197925
1529,Aktie,32923
1530,Handball,46910
1531,Analverkehr,63682
1532,Schamlippe,30
1533,Kasernengel√§nde Am Treptower Park,5635
1534,Fortnite,96791
1535,Bayernkurier,6339
1536,Undertale,23846
1537,Manuela Macedonia,9206
1538,Mohammed,136839
1539,Kakke,22
1540,Dominik,14108
1541,Falco,65320
1542,Gladiator,54926
1543,Fred Trump,32
1544,Liste nicht best√§tigter Eintr√§ge im New General Catalogue,91423
1545,Katholische Pfadfinderschaft Europas,102459
1546,Oxidation,8690
1547,Troja,48807
1548,Feuerwerk,87204
1549,Josef Stalin,110965
1550,Russisch-Ukrainischer Krieg,475047
1551,Liechtenstein,178473
1552,Islam,94775
1553,Liste der meistabonnierten deutschen YouTube-Kan√§le,15466
1554,Liste der St√§dte in der Schweiz,74247
1555,XXXTentacion,23607
1556,Pinguine,56356
1557,Liste der meistabonnierten YouTube-Kan√§le in Deutschland,71
1558,Boucsein,35
1559,Schwarzes Loch,94234
1560,Walter Doerfler,8538
1561,Ges√§√ü,6593
1562,Wunder Jesu,48707
1563,Saskia Ludwig,24510
1564,Ausgleichsmechanismusverordnung,26765
1565,Chromatographie,33524
1566,Muh,17
1567,Spd,67
1568,Fu√ü,20668
1569,Otfried Preu√üler,31212
1570,Kartoffel,81580
1571,Pizza,33303
1572,Photovoltaikanlage,61402
1573,Apfel,1751
1574,Queen (Band),96130
1575,Caroline Schr√∂der,2128
1576,Carl Hermann (Physiker),4840
1577,Hauser Exkursionen,28
1578,Kohlekraftwerk,93616
1579,Wale,92560
1580,Flatulenz,27
1581,Paed Conca,2599
1582,Wei√üe Rose,54400
1583,Holz,64800
1584,Enjambement,9311
1585,Katrin Hu√ü,5463
1586,Terroranschlag auf zwei Moscheen in Christchurch,49400
1587,Judenfeindlichkeit,33
1588,Stammesgeschichte des Menschen,90659
1589,Als Hitler das rosa Kaninchen stahl,7941
1590,Impfung,139485
1591,Attac,68475
1592,Wikitext,7605
1593,Georg Elser,108888
1594,Bekim Fehmiu,5925
1595,Brand der Kathedrale Notre Dame,53
1596,Kokain,78353
1597,Adipositas,33
1598,Homof√ºrst,54
1599,Todesangst,646
1600,Quecksilber,109423
1601,Jesus von Nazaret,122773
1602,Recep Tayyip Erdoƒüan,146106
1603,Ab-in-den-urlaub.de,30
1604,Mensch,70133
1605,Schwangerschaftsabbruch,289217
1606,Tschechoslowakei,53943
1607,Tschechien,142484
1608,Attacken am 29. Dezember 2018 in Amberg,13132
1609,Homosexualit√§t und r√∂misch-katholische Kirche,70064
1610,Cheops-Pyramide,182238
1611,Konstantinopel,45079
1612,Olf,3300
1613,Relativit√§tstheorie,37456
1614,Bananen,36382
1615,DschalƒÅl ad-Dƒ´n ar-R≈´mƒ´,33
1616,Pornhub,39443
1617,Kirchliche Trauung,60581
1618,Lippische Landeskirche,20859
1619,Endotherme Reaktion,4867
1620,Muskulatur,21504
1621,Obst,9877
1622,Florijana Ismaili,6447
1623,Aeroflot-Flug 1492,12397
1624,Zehn Gebote,79851
1625,Sayuki,5208
1626,Ufo361,12128
1627,Gr√∂nland,149604
1628,Shoah,28
1629,Valy Hedjasi,2833
1630,Entjudung,24
1631,Entjudaisierung,24
1632,Jay Z,24
1633,Otto Lohm√ºller,4042
1634,Osmanisches Reich,239753
1635,Reiner Winkler,1878
1636,Jos√© Cordero,336
1637,Albaner in √ñsterreich,4428
1638,Erwin Josef Ender,8177
1639,Schweiz,386039
1640,Hockeyschl√§ger-Diagramm,31872
1641,Times Square,11506
1642,OG Keemo,6496
1643,NS-Rap,16741
1644,Bielefeld,170873
1645,Dieter Gieseking,419
1646,Conchita Wurst,41459
1647,Robert Redford,33118
1648,Hava,23
1649,The Ondas,32
1650,Friedrich Schiller,106170
1651,Netzklasse,7063
1652,Rockmusik,33914
1653,Saleh ibn Fawzan,8490
1654,M√ºsl√ºm G√ºrses,12259
1655,Warren Beatty,11752
1656,China,7571
1657,Unitymedia,66922
1658,Sklaverei im Islam,33209
1659,Verteidiger des Glaubens (Film),16089
1660,Hermann G√∂ring,98507
1661,Nil,61637
1662,Klimawandelleugnung,246674
1663,Unter uns,154729
1664,Kanake (Schimpfwort),42
1665,Bibi Vaplan,26
1666,Rock ‚Äôn‚Äô Roll,42454
1667,Megachurch,22714
1668,Tora,66485
1669,Internationaler Tag zur Beseitigung von Gewalt gegen Frauen,7109
1670,Spiegel,44022
1671,Nirwana,12036
1672,DrefGold,6569
1673,Haushuhn,49510
1674,Cornelius von der Heyden,496
1675,Titan (Mythologie),8623
1676,Suizid,146418
1677,Aachen,202016
1678,Tierpark Sassnitz,6048
1679,Heinrich Heine,199833
1680,Kuh,1939
1681,Zeugen Jehovas,121861
1682,RIN (Rapper),9937
1683,Salz,2383
1684,"Tesla, Inc.",125651
1685,Liste der denkmalgesch√ºtzten Objekte in Murfeld,75
1686,Michael K√ºhntopf,9208
1687,LP (S√§ngerin),19635
1688,Rainer Baasner,2806
1689,Viktor R.,2014
1690,Viertaktmotor,19231
1691,Ungeheuer von Loch Ness,19505
1692,Herz,68592
1693,Suizid durch Vergiftung mit Medikamenten,30828
1694,D-c-fix,1932
1695,Vereinigtes K√∂nigreich,189782
1696,Charlie Charlie Challenge,9873
1697,Mero,891
1698,Geschichte Marokkos,270334
1699,Tugendprotzerei,36
1700,Virtue signaling,36
1701,Frankfurt,3744
1702,Geschichte der Vereinigten Staaten,136977
1703,Super-Chandrasekhar mass type Ia supernova,59
1704,Aram√§er (Volk),18504
1705,Mano Michael,3763
1706,Dummkopf,307
1707,Resolution (Logik),18428
1708,Heeresgeschichtliches Museum,120923
1709,Nennt mich nicht Ismael!,10090
1710,Poseidon,12519
1711,Lyrisches Ich,15036
1712,Soziale Marktwirtschaft,168230
1713,Illyrer,22401
1714,Verbrennungsmotor,43698
1715,Ehrenmann,286
1716,Process-Mining,6794
1717,Orthodoxe Kirchen,61013
1718,"Hochschule f√ºr Medien, Kommunikation und Wirtschaft",11348
1719,Sadismus,10985
1720,Georges Lakhovsky,2337
1721,Johannes Kahrs,43778
1722,Corona (Bier),5095
1723,Nelly-Sachs-Gymnasium,4064
1724,TG Neuss Tigers,15429
1725,Altes √Ñgypten,46228
1726,Newtonsche Gesetze,22990
1727,Hecht,8844
1728,Kreuzotter,37565
1729,Pyramiden von Gizeh,15996
1730,V√∂lkermord an den Armeniern,226971
1731,Franz Kafka,145981
1732,Protokolle der Weisen von Zion,152043
1733,Udo Voigt,27785
1734,Bernhard Felmberg,15072
1735,Europ√§ische Union,248652
1736,Multiregionaler Ursprung des modernen Menschen,30957
1737,Chris Ares,10884
1738,Andrea Schaller,4218
1739,Freiherr-vom-Stein-Schule (Frankfurt am Main),11627
1740,Weltanschauungsrecht,48
1741,Savannah-Katze,16162
1742,Polarfuchs,18477
1743,Lauch (Schimpfwort),2970
1744,BTS (Band),90186
1745,One Direction,12357
1746,Missionarsstellung,11283
1747,Ren√© Dawn-Claude,4936
1748,Kommunistische Jugend Schweiz,248
1749,Hinterkaifeck,59236
1750,Islamischer Staat (Organisation),305334
1751,DB Privat- und Firmenkundenbank,8254
1752,Justin Bieber,53717
1753,Nationaldemokratische Partei Deutschlands,166544
1754,Vulva,141155
1755,Lailat al-Qadr,5478
1756,Entwurf,28
1757,Bar Mitzwa,6164
1758,Wolfgang Amadeus Mozart,124236
1759,Afrika,70792
1760,Area 51,35995
1761,Zauneidechse,15208
1762,Lino Lavista,2260
1763,Galaktoboureko,1143
1764,Nigersaurus,13554
1765,Domenico Dolce,450
1766,Liste von Motorradclubs,1634
1767,Widerstand2020,96
1768,Biographie,23
1769,Katja Krasavice,11983
1770,Es steht geschrieben,6352
1771,Hanns-Martin-Schleyer-Halle,7896
1772,Gzuz,14598
1773,Ensdorf (Oberpfalz),10765
1774,Joseph Goebbels,153966
1775,Stefan Molyneux,9435
1776,Gert Scobel,15047
1777,Friendzone,2565
1778,Windel,23757
1779,Fernando Alonso,114025
1780,U-Bahn-Station Bacherplatz,59
1781,Project for the New American Century,13250
1782,Alexander Herr,11644
1783,Fler,57311
1784,Mois (Webvideoproduzent),20842
1785,Schakschuka,4205
1786,Baltisches biografisches Lexikon digital,2766
1787,Alternativ Demokratesch Reformpartei,21406
1788,Mediterrane Rasse,41
1789,Nordische Rasse,35
1790,Dinarische Rasse,36
1791,Orientalische Rasse,39
1792,Sinide,35
1793,Pygmide,34
1794,Volkmar Weiss,28465
1795,Sichart,610
1796,Elon Musk,72988
1797,Leonhard Hochenegg,3449
1798,Die megageile K√ºken-Farm,4087
1799,Drogen-Glossar,56
1800,Pizzagate,13619
1801,Annabelle (Puppe),6089
1802,Blitz,87441
1803,Troll (Netzkultur),20325
1804,Anton Feichtner,3445
1805,Viviane Asseyi,9221
1806,Zaza-Sprache,47111
1807,T√∂tung von George Floyd,117617
1808,Kola-Bohrung,31205
1809,Curt Gasteyger,3022
1810,Vernichtungslager Maly Trostinez,32009
1811,Gazivodasee,2578
1812,Felseng√§nge (N√ºrnberg),18474
1813,Main Page,278
1814,Buckingham Palace,45532
1815,Lucky Kids ‚Äì Kinderchor der Rheinischen Musikschule,2974
1816,Fickers,34
1817,√úmit,2970
1818,Gay (Fu√üballspieler),1051
1819,Áî∞ÈÇäÂÖÉ,32
1820,Sternbild,47276
1821,Hentai,20248
1822,Saskia Esken,32653
1823,Atze Schr√∂der,18132
1824,Sean Connery,54722
1825,Markus Schmidt (Schiedsrichter),2029
1826,Pascal Weitmann,3915
1827,Liste der Biografien/Weit,15823
1828,Sido,58390
1829,Donald Trump,356259
1830,9. November (Deutschland),10252
1831,Nazi,15681
1832,Marco Sonnleitner,4307
1833,Hans-Christian Petersen (Maler),6898
1834,Dalal Bruchmann,5885
1835,R≈´mƒ´,33
1836,Sokrates,168087
1837,Fjodor Wladimirowitsch Jemeljanenko,16682
1838,Salus BKK,3053
1839,Avondios Bica,2789
1840,Sonnenfinsternis,59372
1841,Hans-Christian Petersen,42
1842,Altgriechische Sprache,88557
1843,RNA-Impfstoff,65921
1844,Ordovizium,29128
1845,Bristol-Stuhlformen-Skala,1856
1846,G√ºnther Lachmann,10539
1847,Covid-19,27
1848,Lena Stahl,2996
1849,Armin Kalinowski,7782
1850,JOIN,43
1851,Elefanten,215333
1852,Farbrevolutionen,18307
1853,Selecta,6842
1854,Johann Strauss (Sohn),62482
1855,Dodo,20868
1856,Allianz Krankenversicherung AG,49
1857,Allianz Private Krankenkasse,49
1858,Bilderverbot im Islam,32393
1859,Gro√üstadtgefl√ºster,41
1860,Querdenken 711,97
1861,Fick,266
1862,Flatex,31
1863,Krokodile,74516
1864,Torsten Gersdorf,4787
1865,Antal Festetics,18629
1866,Andreas von B√ºlow,18065
1867,Anders Bodelsen,6271
1868,Alexander Demandt,15003
1869,Alain Badiou,45832
1870,Alwin Schockem√∂hle,8151
1871,Siegfried Nagl,25060
1872,BAHN-BKK,27
1873,BKK der SIEMAG,50
1874,Betriebskrankenkasse der SIEMAG,50
1875,SECURVITA Krankenkasse,32
1876,BKK MAHLE,45
1877,Karl der Gro√üe,198814
1878,Landeshauptstadt M√ºnchen,214
1879,Stadt Graz,23
1880,Stadt K√∂nigsbr√ºck,27
1881,Stadt Zug,154
1882,Stadt Brandenburg,43
1883,Land Baden,31
1884,Landeshauptstadt Dresden,26
1885,Stadt Gemen,166
1886,Stadt Haag,43
1887,Stadt Hohen Neuendorf,34
1888,Stadt Aachen,20
1889,Volkshochschule,24217
1890,Sexualit√§t Adolf Hitlers,20072
1891,Angstzust√§nde,26
1892,Eckhardt,3741
1893,Mond,131426
1894,Archimedisches Prinzip,13500
1895,Erdachse,6563
1896,Viactiv BKK,5833
1897,Finite Verbform,2943
1898,Figuren der Harry-Potter-Romane,207400
1899,Eisb√§r,45183
1900,Leugnung der menschengemachten globalen Erw√§rmung,38
1901,Krim,92148
1902,Todesfall George Floyd,43
1903,Liste der meistgefolgten deutschsprachigen Twitch-Kan√§le,3281
1904,Macaulay Culkin,12458
1905,Shah Rukh Khan,18690
1906,WiR2020,6612
1907,COVID-19-Pandemie in der Schweiz,170411
1908,Dumakru,2894
1909,Stromkreis,6829
1910,Sep Ruf Gesellschaft,109
1911,John Maynard,10778
1912,Daniele Ganser,75590
1913,B√ºrokaufmann,11275
1914,M√ºll,953
1915,Liste der Gro√üst√§dte in Deutschland,62224
1916,Turkmenen (Irak),14297
1917,ƒ∞smet ƒ∞n√∂n√º,36231
1918,Yanomami,45835
1919,Tropischer Regenwald,60928
1920,Ostern,45986
1921,Liste der SS-F√ºhrer im Generalsrang,42274
1922,Germania (Paulskirche),11202
1923,Michael Spangenberger,2367
1924,Karl Schaefer,32
1925,Cosnova,3891
1926,Inscope21,6939
1927,Xherdan Shaqiri,25338
1928,Ramon Schack,5320
1929,Mediolanum,865
1930,U-Bahnhof Rensingstra√üe,3288
1931,Mazedonien,2779
1932,Oettinger Brauerei,13770
1933,Komantschen,28
1934,Butoh,8038
1935,Herxheim bei Landau/Pfalz,28049
1936,Wolgadeutsche,10051
1937,Schwarzer Tod,83571
1938,J√∂rg Meuthen,68561
1939,Schimpansen,39368
1940,Aphrodite,54556
1941,FC Schalke 04,186678
1942,Liste der meistaufgerufenen YouTube-Videos,68232
1943,Florentino P√©rez,10429
1944,Jasmin Herren,9280
1945,Mord an George Floyd,43
1946,V√∂lkermord an den Herero und Nama,138100
1947,Helmut H. Spiekermann,2286
1948,FEMOTION RADIO,33
1949,Karl Marx,198543
1950,Berlin,284713
1951,Simon Unge,26798
1952,Liste der meistgefolgten Twitch-Kan√§le,8246
1953,Muhammad Ali,71756
1954,Chemisches Element,28458
1955,Chemische Verbindung,10906
1956,Satanismus,48999
1957,Kkh,17
1958,Lichtjahr,6266
1959,Ohmsches Gesetz,21002
1960,Elektrischer Widerstand,32942
1961,Novitas BKK,17366
1962,Sexualisierte Gewalt,18772
1963,Unspezifische Abwehr,25
1964,Kohlenstoff,48038
1965,Texas,69469
1966,Hauptgruppe,5278
1967,Kampf Schneid- und Wickeltechnik,37
1968,Brot,36072
1969,1und1,34
1970,Sitzverteilung in den deutschen Landesparlamenten,20317
1971,Doktortitel,32
1972,Kleiner Doktortitel,86
1973,Thomas Burgartz,4098
1974,Die Physiker,53254
1975,Reichsb√ºrgerbewegung,188162
1976,Gerichtslinde,6721
1977,KZ Auschwitz-Birkenau,90411
1978,Lithium,86741
1979,KenFM,218
1980,1&1,54
1981,Malala Yousafzai,32848
1982,Kopp Verlag,30297
1983,Martin Sellner,24437
1984,Sabbat,27
1985,H√ºseyin,3793
1986,Kaldewei,18076
1987,Fu√üball-Weltmeisterschaft 1934,50870
1988,Nikola Tesla (Begriffskl√§rung),320
1989,Emden,144061
1990,Amtsgericht Arnsberg,2526
1991,Landgericht Arnsberg,6536
1992,Sakrament,34664
1993,Geschlecht,1704
1994,Ghanima Atreides,147
1995,Kathedrale von Sens,18684
1996,Lionel Messi,135309
1997,Marc-Uwe Kling,19569
1998,Farid Bang,35771
1999,Markus S√∂der,94468
2000,Hip-Hop,24019
2001,Tetrahydrocannabinol,59516
2002,Comdirect,192
2003,Internet,59864
2004,Reiner Calmund,15998
2005,Suchmaschinenoptimierung,27595
2006,Julian Schutting,12899
2007,Klaus Rosen,10731
2008,Hans-Ulrich Klose,11777
2009,Josef Isensee,9351
2010,Matthias Gatzemeier,3582
2011,Varusschlacht,113208
2012,M√ºnchen,285570
2013,Cristiano Ronaldo,189750
2014,Parlez Verlag,26
2015,Mutter Teresa,39945
2016,Alexander der Gro√üe,172016
2017,Tokio,69873
2018,Wikipedia,168208
2019,V√∂lund Smed,8979
2020,Paul Schwesig,4085
2021,Jeff Kinney,8900
2022,Are You The One?,26450
2023,Petra Michelle N√©rette,5670
2024,Dornr√∂schen (1917),7959
2025,Mallorca,92455
2026,Liste von antisemitischen Anschl√§gen und Angriffen im deutschsprachigen Raum nach 1945,108008
2027,Ed Sheeran,18333
2028,Amerika,18377
2029,Central Park,36442
2030,Britney Spears,67748
2031,Bernd-R√ºdiger Balda,5867
2032,Antje Szillat,5893
2033,Kurhaus Marienkron,67
2034,Becky Lynch,24151
2035,Induktionsherd,32
2036,90-Grad-Ost-See,27
2037,J√ºdische Bestattung,40542
2038,Helene Fischer,40651
2039,Wei√ürussland,26
2040,Cool,8305
2041,Giraffen,59658
2042,Gil Ofarim,19081
2043,B√§rbel Bas,13288
2044,Unge,62
2045,Festplattenlaufwerk,120039
2046,Nusret G√∂k√ße,7984
2047,Emskirchen,26148
2048,Freie Demokratische Partei,210773
2049,Haschisch,16563
2050,Karin Ritter,6326
2051,Defne Joy Foster,2166
2052,Blume,11865
2053,Olivier Giroud,26723
2054,Bundesbrief von 1291,17468
2055,Clemens Leusser,21247
2056,BKK HMR,65
2057,Great Barrier Reef,41158
2058,Halloween,26213
2059,Harry Styles,8214
2060,Trafalgar Square,16553
2061,Wiener Kongress,74414
2062,Periodensystem,265677
2063,Volksrepublik China,239049
2064,Bier,43694
2065,Medienpass NRW,3632
2066,John Cena,22852
2067,Kurden,54372
2068,Mhplus Betriebskrankenkasse,41
2069,MHplus Betriebskrankenkasse,7010
2070,Skydance Media,4378
2071,Theranos,23116
2072,Jan B√∂hmermann,61032
2073,Gemeinsame Betriebskrankenkasse K√∂ln,2878
2074,Angela Merkel,237230
2075,Altschauerberg,9006
2076,Heimat Krankenkasse,6976
2077,Antifa,77393
2078,Wasserkraftwerk,34802
2079,Daniel Anrig,8230
2080,Liste der Staaten Europas,13707
2081,DAK,17
2082,Hek,22
2083,Hkk,22
2084,Tk,16
2085,Francis Drake,63536
2086,Manhattan-Projekt,26412
2087,Eugeni Xammar,9733
2088,Internationales Einheitensystem,51198
2089,Gehen (Sport),13914
2090,Gehen (Begriffskl√§rung),252
2091,Gehen (Erz√§hlung),13715
2092,"Gehen, ging, gegangen",46246
2093,Barbro Lindgren,6222
2094,Akongo,32
2095,Barbara Bredow,2253
2096,Karl-Ludwig-Haus,5258
2097,Christian Redl (Taucher),10802
2098,Bj√∂rn H√∂cke,194415
2099,Jimin (S√§nger),13230
2100,Neue Deutsche Welle,10930
2101,Fu√üball-Europameisterschaft 2020,52
2102,Olaf Scholz,73466
2103,J√∂rg Haider,82281
2104,TV Pink,32
2105,Chupacabra,3823
2106,Carthago Reisemobilbau,7301
2107,PlayerUnknown‚Äôs Battlegrounds,38
2108,Englisches Fr√ºhst√ºck,4232
2109,Mystic Circle,14217
2110,Joko Winterscheidt,29366
2111,Weihnachtsmann,37493
2112,Vagina,13749
2113,Julian,10954
2114,Butt-Plug,8084
2115,Adolf Eichmann,71950
2116,G,4606
2117,Faust. Eine Trag√∂die.,40
2118,Communaut√© de Taiz√©,67405
2119,L,7263
2120,Kommunismus,79581
2121,Joe Biden,118029
2122,Kommaregeln,69
2123,Aggregatzustand,29867
2124,Gottesbild,10064
2125,Blitzkrieg,28193
2126,√ñsterreich,280639
2127,Liste der gr√∂√üten St√§dte Europas,39581
2128,Geschichte der Luftfahrt,72557
2129,Tessa Ganserer,18193
2130,Lego,91805
2131,Marie Curie,81676
2132,Malbergische Glossen,7614
2133,Nikita Dmitrijewitsch Masepin,29515
2134,NBB Netzgesellschaft Berlin-Brandenburg,9574
2135,Frankreich,207452
2136,Rassismus,175792
2137,Tchibo Mobil,3933
2138,Comdirect Bank,63005
2139,Mondlandung,8131
2140,Torben,3449
2141,Au√üerirdisches Leben,55650
2142,Frauenrechte,39498
2143,Ogechika Heil,9832
2144,Kek,2195
2145,Bisexualit√§t,17672
2146,Benedikt XVI.,213790
2147,Benedikt Vallendar,6969
2148,Johannes Paul II.,106550
2149,Alain Berset,16130
2150,Sportfilm,3500
2151,Facebook,106825
2152,Abd√ºlhamid II.,26442
2153,Loredana (Rapperin),14332
2154,Twice,23596
2155,Friedrich I. (HRR),152519
2156,Samsung,36253
2157,Panfu,10252
2158,Vodafone Group,17257
2159,Gerhard Sattler,5783
2160,Mero (Rapper),16806
2161,Frank-Walter Steinmeier,100317
2162,Komodowaran,50403
2163,Clemens August Graf von Galen,91131
2164,COVID-19-Pandemie,379554
2165,Holocaustleugnung,211547
2166,Maximilien de Robespierre,35104
2167,Der Tote im Dorfteich,19509
2168,Dua Lipa,21175
2169,Ricarda Lang,12745
2170,Liste der IPA-Zeichen,98994
2171,Tupac Shakur,17664
2172,Indianer,143224
2173,Daniel Herzog,538
2174,Finn Wolfhard,4102
2175,Christoph Waltz,32541
2176,Andreas Kieling,12892
2177,Oskar Schindler,45909
2178,Leitbetrieb,9690
2179,Buddha,25216
2180,David M√ºller,548
2181,Klaus Schwab,15859
2182,Simon Mora,3890
2183,Eren,3295
2184,Finnland,197559
2185,Monotheismus,13272
2186,Emmanuel Macron,93813
2187,Tim Hecker (Kanute),4234
2188,Otto von Bismarck,180846
2189,Putin,49
2190,Techno,53415
2191,Krieg in der Ukraine seit 2014,46
2192,Kathedrale Notre-Dame de Paris,62464
2193,Johannes Brahms,82788
2194,Scott Brown (Fu√üballspieler),5697
2195,Romanik,58094
2196,Generischer Markenname,96
2197,Natrium,54888
2198,Mia Khalifa,10862
2199,Death-Valley-Nationalpark,32085
2200,Zdravko ƒåoliƒá,5125
2201,Joshua-Tree-Nationalpark,10557
2202,Karl Lauterbach,52813
2203,MDMA,107943
2204,Winkler (Familienname),18000
2205,Megalodon,46020
2206,Yellowstone-Nationalpark,55654
2207,Clemens Arvay,32513
2208,Neptun (Planet),80467
2209,Kaspar Hauser,143636
2210,Pornografie,100797
2211,Sozialdemokratische Partei Deutschlands,232899
2212,Alternative f√ºr Deutschland,406615
2213,Arch√§ologisches Museum der Martin-Luther-Universit√§t Halle-Wittenberg,12301
2214,Gerhard Neumann (Arch√§ologe),3280
2215,Mordfall Junko Furuta,7751
2216,Die 100,9478
2217,Analkanal,100
2218,K√∂ln,277246
2219,Tarzan (Musical),35577
2220,Cannabis als Rauschmittel,155941
2221,Drake (Rapper),23686
2222,Lufthansa,111911
2223,Shinchonji,105
2224,Louis Tomlinson,17616
2225,Spinosaurus,37261
2226,Die K√§nguru-Chroniken,45248
2227,Philipp Lahm,55287
2228,ARD-Werbung,36
2229,Aram√§er (Gegenwart),10544
2230,G√§hnen,34260
2231,Christian Lindner,91184
2232,Astrid Lindgren,61457
2233,Astrid Wagner,4441
2234,Elfchen,4725
2235,Kurdische Sprachen,60753
2236,Ritter Sport,37596
2237,Haffen (Rees),6272
2238,Wilhelm Tell,42766
2239,Tschick (Roman),26446
2240,Cumshot,5763
2241,Felix Reda,11200
2242,ƒ∞brahim Tatlƒ±ses,10706
2243,Hermann Gei√üler (Theologe),29410
2244,Gesundheit,17519
2245,Dichte,13074
2246,Axolotl,30633
2247,Stern,51883
2248,Luft,29748
2249,Topologie (Rechnernetz),26565
2250,Tee,70715
2251,Kroatien,149744
2252,Annalena Baerbock,69776
2253,Oury Jalloh,70005
2254,Politically Incorrect,81048
2255,Milch,70135
2256,SCP Foundation,28455
2257,Vorstadtkrokodile,3098
2258,Einhorn,45310
2259,Thomas Schmitt (Fernsehproduzent),3855
2260,Luise Fuckface,2083
2261,Irakkrieg,76717
2262,Australian Shepherd,10432
2263,Lensing Media,13954
2264,BKK,980
2265,Mirijam G√ºnter,8682
2266,MontanaBlack,13005
2267,Otto III. (HRR),71632
2268,Ingolf L√ºck,17296
2269,Pahonja (Heraldik),5162
2270,Attila Hildmann,68118
2271,Real Madrid,120891
2272,Schnee,41604
2273,Ottomotor,17976
2274,Druck (Physik),40154
2275,Lettland,107433
2276,G√ºnther Jauch,43798
2277,√äzd√Æk√Æ,48
2278,Gr√ºne Jugend,28651
2279,Sam Langford,5134
2280,Mehmet Din√ßer,2649
2281,Flunkyball,6552
2282,Indianer Nordamerikas,88613
2283,Hans Sauer (Erfinder),8375
2284,Nicolaus Otto,13118
2285,Quantenphysik,27892
2286,Nicolas Raschauer,7320
2287,Autonome Region Kurdistan,110282
2288,Schwarze Messe,21797
2289,YouTube Poop,11356
2290,Cyber Innovation Hub der Bundeswehr,159
2291,Rom,124158
2292,B√ºndnis 90/Die Gr√ºnen,178828
2293,Hadrian (Kaiser),118253
2294,Brand von Notre-Dame in Paris 2019,47561
2295,Jesidische Sprache,30
2296,FIFA,59829
2297,Antonio Vivaldi,23205
2298,Geschichte der Juden,194072
2299,Vietnam,138959
2300,Narzissmus,95379
2301,Mir√≥ der J√ºngere,3584
2302,Tommi Schmitt,8834
2303,Purim,18212
2304,Notruf Hafenkante,51696
2305,Die M√§dchen-WG,6624
2306,Die Jungs-WG,23642
2307,Die Pfefferk√∂rner/Liste der Darsteller,56800
2308,Neger,48026
2309,Der gelbe Vogel,11898
2310,Schloss Loosdorf,6368
2311,Hausrind,38558
2312,Boris Reitschuster,40765
2313,Eurowings Discover,12460
2314,Michael Wendler (S√§nger),44935
2315,Eurowings,33412
2316,Sex (Begriffskl√§rung),699
2317,Muthmannsdorf,244
2318,Sibel Kekilli,29065
2319,Wladimir Wladimirowitsch Putin,265994
2320,Sidney Friede,14474
2321,Max Schradin,9706
2322,Kleopatra VII.,136498
2323,Falun Gong,368931
2324,Matern von Marschall,15135
2325,"Diana, Princess of Wales",77906
2326,Cola-Korn,49
2327,Kek (Slang),3661
2328,Berliner Pfannkuchen,12681
2329,Katrin Lindner,316
2330,Text,8653
2331,Adenosintriphosphat,12854
2332,Tyrell van Boog,7073
2333,Konditorei Zauner,7330
2334,0,1408
2335,Cyber-Mobbing,66717
2336,HD 59686,2896
2337,HD 59686 b,1037
2338,Schlacht um Kiew (2022),38025
2339,Friedrich R√∂dler,19442
2340,Flagge Kurdistans,5136
2341,Kylian Mbapp√©,24277
2342,Iron Man,11701
2343,Liste geostation√§rer Satelliten,66183
2344,Ayline Samard≈æiƒá,3158
2345,BKK evm,1516
2346,NGC 6666,78
2347,IC 2330,1460
2348,Physiker,10113
2349,K√∂nigreich Kurdistan,6217
2350,Syrien,106852
2351,Baumsteigerfr√∂sche,21922
2352,Pablo Escobar,43588
2353,Radioaktivit√§t,68062
2354,Kubikmeter,5506
2355,S√ºleyman Nazif,9057
2356,Cathy Lugner,5857
2357,Zusatzbeitrag,46266
2358,Gavin McInnes,9646
2359,Abh√§ngigkeit (Medizin),25428
2360,Adelina Agostinelli,6418
2361,Herrnneuses,11826
2362,Dieter Bohlen,33601
2363,HD 114783 b,723
2364,(546067) 2011 YM48,1307
2365,(4271) Novosibirsk,1230
2366,(4260) Yanai,1336
2367,(962) Asl√∂g,1666
2368,(699) Hela,1073
2369,(3131) Mason-Dixon,3153
2370,(4106) Nada,1542
2371,(421) Z√§hringia,1216
2372,(3380) Awaji,1852
2373,IC 2266,1522
2374,IC 2265,1429
2375,Liste nicht best√§tigter Eintr√§ge im Index Catalogue,115485
2376,(4575) Broman,1528
2377,(3588) Kirik,1725
2378,(4757) Liselotte,1032
2379,(2092) Sumiana,3395
2380,(4249) K≈ôem≈æe,1277
2381,(2927) Alamosa,1584
2382,(8593) Angustirostris,2728
2383,(3608) Kataev,1777
2384,George Soros,67603
2385,Kaus Australis,2437
2386,Œï Sagittarii,28
2387,Epsilon Sagittarii,33
2388,(444030) 2004 NT33,11035
2389,Saturnpositionen,17721
2390,IC 3600,2787
2391,T√ºrkische Streitkr√§fte,45139
2392,Peter Kraus,17537
2393,Gruppe Wagner,95683
2394,Jens Knossalla,32649
2395,Sawsan Chebli,40229
2396,Marc-Kevin Goellner,13625
2397,Taylan Burcu,7682
2398,Julien Bam,28025
2399,Rezo,96420
2400,Liste der Darsteller aus Schloss Einstein,65
2401,Kim Kardashian,19119
2402,Magdalena Eriksson,16348
2403,(20000) Varuna,23224
2404,Christina Baum,15760
2405,Cannabidiol,36069
2406,Liste von Kugelsternhaufen,28316
2407,Supernova,56817
2408,Liste deutscher Krankenkassen,24423
2409,1&1 Aktiengesellschaft,32051
2410,United Internet,37136
2411,Kiew,71201
2412,Greta Thunberg,94448
2413,Camp Nou,25989
2414,Alice Weidel,97644
2415,Trutz Graf Kerssenbrock,3853
2416,Krebs (Medizin),108971
2417,Roland Meinl Musikinstrumente,8064
2418,Roy Lichtenstein,32884
2419,Andy Warhol,89974
2420,Kƒôtrzyn,26882
2421,Eva Herman,52193
2422,187 Strassenbande,16546
2423,Grasshopper Club Z√ºrich,91483
2424,Uluru,38639
2425,Deutschst√§mmige,23311
2426,Barlach Halle K,7920
2427,Wolfgang Motz,7560
2428,Siddhartha Gautama,27561
2429,Condor Flugdienst,59194
2430,German,1838
2431,Luxoft,12640
2432,Blues,21741
2433,Opinary,9814
2434,Julian Reichelt,62083
2435,Freddie Mercury,55441
2436,Citronens√§ure,19414
2437,Robert Habeck,60795
2438,"William, Prince of Wales",37639
2439,"William, Duke of Cambridge",43
2440,Michael Ballweg,63784
2441,Psiram,5794
2442,"William, Duke of Cornwall and Cambridge",43
2443,Griechenland,235029
2444,≈ûiran,2891
2445,Austrian Airlines,89309
2446,Bijan Khadem-Missagh,11153
2447,Gregor Weichbrodt,13271
2448,Dorothy Khadem-Missagh,5770
2449,Georgine Kellermann,6198
2450,Luka Suƒçiƒá,5954
2451,NATO,175991
2452,Liste der L√§nder Europas,44
2453,World Trade Center,78541
2454,Japan,175479
2455,Brigitte Young,13057
2456,Massaker von Srebrenica,101375
2457,Brittney Griner,127834
2458,Matt Kaplinski,2672
2459,Anime,149155
2460,Compact (Magazin),55896
2461,Liste der Kugelsternhaufen,40
2462,H√∂rorgan,22
2463,Dieter Schulze (Lyriker),8613
2464,Donezk,25165
2465,Perpetuum mobile,33341
2466,Liste der Hauptdarsteller von Schloss Einstein,92962
2467,Eskimo,22406
2468,Alkane,61763
2469,Uran,72711
2470,Rif (Gebirgszug),4214
2471,Iod,49809
2472,Online-Casino,27741
2473,Kalter Krieg,93882
2474,Andreas Gabalier,24444
2475,Entega GmbH,30
2476,Clemens F√ºsers,8142
2477,Unterberger & Comp.,5817
2478,AfD Berlin,45507
2479,AfD Sachsen,47891
2480,Arnold Schwarzenegger,83802
2481,Bianca Cla√üen,20299
2482,Die Rosenheim-Cops,59494
2483,Among Us,25659
2484,Beyonc√©,78804
2485,Kirchenjahr,43728
2486,Bodo Schiffmann,22835
2487,Auschwitz,31
2488,FV 08 Hockenheim,6263
2489,Bundestagswahl 2021,214107
2490,Liste von XMPP-Clients,25972
2491,Metapedia,13944
2492,Freiheitliche Partei √ñsterreichs,135241
2493,Andreas Trampota,6217
2494,LGBT,44519
2495,Licht,46774
2496,Alpen,94553
2497,Liste von Schriftarten,81113
2498,Exhibitionismus,22075
2499,Robert W. Malone,29486
2500,Nichtbin√§re Geschlechtsidentit√§t,188918
2501,Eric Bergkraut,8476
2502,Pythagoras,79777
2503,Luzifer,21964
2504,Fu√üball-Weltmeisterschaft der M√§nner,45
2505,Fu√üball-Weltmeisterschaft,97301
2506,Jesiden,86270
2507,FUQ,256
2508,Chabib Abdulmanapowitsch Nurmagomedow,15539
2509,Global harmonisiertes System zur Einstufung und Kennzeichnung von Chemikalien,23809
2510,Vereinte Nationen,80993
2511,Josip Broz Tito,54482
2512,Russland,436651
2513,Hexenglaube,17
2514,Ann-Helena Schl√ºter,6388
2515,A.W. Peet,8236
2516,S√ºdafrika,234953
2517,Allgemeine Erkl√§rung der Menschenrechte,36495
2518,Kim Jong-un,58089
2519,R√∂hricht,3512
2520,Olympe de Gouges,25748
2521,Langwatte,5678
2522,Fleischk√§se,11194
2523,Rafael Nadal,135066
2524,Lana Rhoades,10316
2525,Kurdischer Kaffee,4403
2526,Serbische Bohnensuppe,2143
2527,Capital Bra,22709
2528,Bielefeld-Verschw√∂rung,19583
2529,Jawed Karim,6292
2530,J√ºrgen Kasek,6545
2531,No Nut November,4435
2532,World Wide Web,24421
2533,IPhone 11,13951
2534,IPhone 14,14756
2535,IPhone 13,11479
2536,IPad Pro (2. Generation),5275
2537,IPhone 8,12211
2538,IPad,119325
2539,IPhone XR,8824
2540,IPhone 14 Pro,14808
2541,IPhone 12 Pro,25536
2542,IPhone 13 Pro,10298
2543,IPhone 12,22100
2544,IPhone X,11567
2545,IPhone XS,11398
2546,IPhone SE (2. Generation),15101
2547,IPhone SE (3. Generation),11638
2548,IPhone 11 Pro,16403
2549,IOS (Betriebssystem),118672
2550,Phytanthoza iconographia,22019
2551,Wolodymyr Selenskyj,141251
2552,Elias Nerlich,17397
2553,Magdalena Martullo-Blocher,7035
2554,Ignaz Bearth,10348
2555,Ronaldo,1991
2556,London Eye,9156
2557,NS-Staat,109133
2558,FC Basel,57972
2559,Dresden,261612
2560,Perschmann Gruppe,10415
2561,Xi Jinping,42557
2562,Vatikanstadt,67674
2563,Jesiden in der T√ºrkei,10750
2564,Eckart Roloff,14852
2565,Ballade,17551
2566,Otto Albrecht Isbert,3561
2567,Patrick Baehr,9285
2568,Junge Alternative f√ºr Deutschland,41356
2569,Daniel K√ºblb√∂ck,36996
2570,Maya,36
2571,5. Sinfonie (Beethoven),49488
2572,7. Sinfonie (Beethoven),18392
2573,9. Sinfonie (Beethoven),74157
2574,"Camilla, Queen Consort",22044
2575,Emma D‚ÄôArcy,4211
2576,Gianni Infantino,16544
2577,B√ºrger f√ºr Th√ºringen,8345
2578,Black Lives Matter,116806
2579,Kinesiologie (Parawissenschaft),29238
2580,Stefan Homburg,32330
2581,Wiesbauer,4337
2582,Nico Schlotterbeck,27520
2583,Katrin G√∂ring-Eckardt,41189
2584,Vaginalverkehr,14741
2585,Farid Hafez,42362
2586,Nora systems,2533
2587,Allguth,2697
2588,Biologisches Geschlecht,31329
2589,Tino G√ºnther,7166
2590,Adresshandel,20739
2591,Triple H,24334
2592,Riccardo Simonetti,13791
2593,Isla de San Jos√©,25231
2594,David Icke,27262
2595,Diazepam,21310
2596,Luisa Neubauer,65258
2597,Byte,32268
2598,Atheist Bus Campaign,17314
2599,Stephan Brandner,47043
2600,Liste von Mikronationen,37254
2601,Ayliva,6946
2602,Skanderbeg,73446
2603,Horus,25996
2604,Hansi Flick,35010
2605,Hamburg,220246
2606,Puschmann,971
2607,Brechung (Physik),7878
2608,Daniel Barenboim,39755
2609,Christof Kuhbandner,10142
2610,Thomas R√∂per,35339
2611,Krim-Br√ºcke,54150
2612,Nikolaus,18328
2613,Bea Brocks,5561
2614,Dirk Pohlmann,11425
2615,Christian Bode (Wissenschaftsmanager),4495
2616,Ad Hominem (Musikprojekt),7518
2617,Katzen,59762
2618,Aleviten,78366
2619,Sascha Hellinger,8082
2620,Bad S√§ckingen,34105
2621,Fernrohr,46956
2622,Reflexion (Physik),35596
2623,Erdatmosph√§re,13638
2624,Plutonium,71398
2625,NASA,17945
2626,Energie,64176
2627,Luftdruck,26410
2628,"Ronaldo (Fu√üballspieler, 1976)",49663
2629,B√ºrgerbewegung Pax Europa,16331
2630,InterCity (Schweiz),24462
2631,Niki,623
2632,Carmen Sch√∂n,2568
2633,Lewis Carroll,78178
2634,Fische,14122
2635,Nedeljko Bajiƒá,2897
2636,Hansj√∂rg Walter,5742
2637,R√∂mische Mythologie,14887
2638,Arthur Berson,39933
2639,Erich K√§stner,78643
2640,TikTok,62292
2641,Adem Jashari,46642
2642,Blindschleiche,28377
2643,Mobbing,45035
2644,Beatmusik,10412
2645,Weihnachtsfrieden (Erster Weltkrieg),30287
2646,AfD Bayern,65427
2647,Feldahorn,29933
2648,Forgotten Tomb,8558
2649,Schwarze Mamba,10105
2650,Sturm der Liebe/Rollenbesetzung,181765
2651,Max,3742
2652,Deutsche Nationalbibliothek,46576
2653,Rita Ora,22658
2654,Markus R√ºhl,6885
2655,Impfschaden,21221
2656,Adolph Knigge,23271
2657,Frikadelle,11232
2658,Muezza,984
2659,Granit- und Gneisplateau,17232
2660,Wiktor Ahn,7363
2661,Michael St√ºrzenberger,41248
2662,Mufflon,12105
2663,Tina Malti,6730
2664,Schokoladen-Fruchtzwerg,10399
2665,SBB RABe 502,39966
2666,Patriotische Union,80426
2667,Ukraine,380468
2668,Georgi Nikolow Deltschew,6976
2669,VW Jetta I,14477
2670,Anetta Kahane,46911
2671,Irene Stoehr,8471
2672,Bakery Jatta,36792
2673,Pashanim,4803
2674,Serbien,281016
2675,Zlatan Ibrahimoviƒá,81666
2676,Orient-Express,136567
2677,David Bendels,11163
2678,Beijing (Automarke),7822
2679,Kanye West,148807
2680,Franziskus (Papst),195663
2681,Carsten Stahl,8493
2682,Liste der meistabonnierten YouTube-Kan√§le,17078
2683,Halloween-Katastrophe in Seoul 2022,304778
2684,Liz Truss,46193
2685,Markusdom,37361
2686,Willkommen 20xx,7333
2687,IC2000,22439
2688,Capybara,30376
2689,Wien,253837
2690,Der Super Mario Bros. Film,4466
2691,Burg Cukn≈°tejn,4254
2692,Ketelhodt,16458
2693,Ernst Wolff (Autor),14011
2694,Viktoriaschule (Aachen),8381
2695,Berberl√∂we,9112
2696,Ta√≠no,24368
2697,Doroth√©e Neff,2018
2698,Lena Conzendorf,4551
2699,Sandro Kirtzel,3034
2700,Eye of the Wind,11876
2701,Wolfgang Herrndorf,18455
2702,Harry Potter und der Stein der Weisen,21573
2703,Hans Harmsen,11303
2704,K√∂ln 50667,73641
2705,August Macke,36573
2706,Internetagentur,2451
2707,Pfullingen,45528
2708,Harry Potter (Filmreihe),93208
2709,√áelik (S√§nger),3702
2710,U,5309
2711,Generation Z,33648
2712,Letzte Generation,85008
2713,Vodafone,59743
2714,Wiener akademische Burschenschaft Olympia,20177
2715,Luiz In√°cio Lula da Silva,50829
2716,Andrew Tate,15763
2717,Die Wollnys ‚Äì Eine schrecklich gro√üe Familie,21259
2718,Sergio Ag√ºero,19900
2719,Mark Forster,19785
2720,Sarah-Lee Heinrich,14841
2721,Plattentektonik,46646
2722,Folter,110890
2723,Ben Salomo,17947
2724,Elias Davidsson,26791
2725,Bewegung (Physik),14242
2726,Paulus von Tarsus,82593
2727,Australien,202932
2728,Illyrischer Helm,2963
2729,Manuel Neuer,70627
2730,Liste der Stolpersteine in der Normandie,42765
2731,Clemens Krauss (Dirigent),29844
2732,Russischer √úberfall auf die Ukraine 2022,466876
2733,T√ºrkisches Heer,5760
2734,Reaction,33
2735,Sonic Rivals 2,15006
2736,Europ√§ischer Gerichtshof,41635
2737,Imagine Dragons,26828
2738,Erd√∂lgewinnung,50125
2739,Kim de l‚ÄôHorizon,12381
2740,Fridays for Future,185988
2741,Emilia Fester,7702
2742,Regenw√ºrmer,71736
2743,95 Thesen,36475
2744,Volksrepublik Lugansk,29172
2745,Die Christengemeinschaft,44339
2746,Omar Sy,4806
2747,XtremeAir XA42,3466
2748,Luka Modriƒá,19958
2749,Gunnar Lindemann,16386
2750,Marianne Bachmeier,10870
2751,Donezbecken,29588
2752,Andrij Melnyk (Diplomat),25308
2753,Luhansk,18432
2754,Zahnpasta,27314
2755,Geschichte der Pest,105679
2756,Joseph Haydn,47309
2757,Laura M√ºller (It-Girl),17144
2758,Inka,142362
2759,Prostitution,117450
2760,Nahostkonflikt,96384
2761,≈ûahmaran,4120
2762,Volker Steinkraus,5729
2763,Marokko,132443
2764,Steffen Hebestreit,5931
2765,Deutsche Wiedervereinigung,176826
2766,LeBron James,70224
2767,Berenberg Bank,88599
2768,Wolfach,74912
2769,Hamburg-Uhlenhorst,18870
2770,Berlin ‚Äì Tag & Nacht,82024
2771,Sebastian Vettel,110559
2772,A Chance for Metal,6076
2773,Erhard Grundl,12569
2774,Facettenauge,12133
2775,L√ºckert,823
2776,"Whenever, Wherever",8955
2777,Colour Genie,11766
2778,Autismus,142044
2779,Snorre Bj√∂rkson,3997
2780,Fritz Meinecke,12531
2781,Justin Roiland,6047
2782,K√ºnstliche Intelligenz,108959
2783,Aschina,7095
2784,Grand Canyon,42392
2785,G√ºnther Graf von der Schulenburg-Wolfsburg,12833
2786,Niklas Sommer,10309
2787,Trockensavanne,6327
2788,Jenna Ortega,8575
2789,Buochs,17242
2790,Posaune,44906
2791,The Shard,18300
2792,Karl Fent,1661
2793,Salvador Dal√≠,119482
2794,Nele Pollatschek,8341
2795,Project Veritas,7884
2796,Joshua Wong,33894
2797,Karl Olsberg,7838
2798,Domitila Barros,3592
2799,Udo Landbauer,32344
2800,Dritter Kreuzzug,30821
2801,Axel Steier,10651
2802,Bundespr√§sident (√ñsterreich),49437
2803,Regierung von Oberbayern,12438
2804,Steinzeit,41177
2805,Isco,15717
2806,Jo√£o Cancelo,9246
2807,Manuel Hagel,7484
2808,Ford Fiesta,43891
2809,Emily Laquer,9560
2810,Van Canto,18885
2811,Nicolas Brieger,17544
2812,Stimo Arena,5564
2813,Archaeopteryx,36783
2814,Airbus A220,56280
2815,Yayladere,4847
2816,Daniela Brodesser,5009
2817,Programmiersprache,31349
2818,Liste von Sturmfluten an der Nordsee,34005
2819,Ohaguro,8965
2820,Wolgograd,32423
2821,RTL Television,40842
2822,Babette von Kienlin,2909
2823,1. FC Magdeburg,154567
2824,Casablanca (Film),73110
2825,Weltwirtschaftsforum,223380
2826,Hans-Georg Maa√üen,124577
2827,Nexhmije Pagarusha,2861
2828,Deutsche Demokratische Republik,286616
2829,Disney Channel (Deutschland),21577
2830,Tagesschau (ARD),99801
2831,Flachgutlager,13167
2832,Ski Aggu,8760
2833,Elsa Grube-Deister,11343
2834,Zypern (Insel),25
2835,Obersalzberg,22456
2836,Sash JM,9224
2837,Bild (Zeitung),155837
2838,Steve Pasek,6251
2839,Jan Saudek,7886
2840,Marie-Agnes Strack-Zimmermann,28388
2841,Mike Tyson,83016
2842,Toilette,51005
2843,Braunwasser,1238
2844,Zirkumzision,223530
