,Unnamed: 0,title,bytes
0,0,Rudolf He√ü,86302
1,1,Popo,805
2,2,Kanake,309
3,3,Bitch,5369
4,4,Fisting,7432
5,5,2 Fickende Hunde,27
6,6,Sexualpraktik,15744
7,7,Komplexmittel,43
8,8,After,848
9,9,Penisneid,8224
10,10,Penispumpe,2797
11,11,Hurentochter,23
12,12,Sexualit√§t,11208
13,13,Fistfucking,21
14,14,Intimpflege,27
15,15,Polizeiwillk√ºr,24
16,16,Hitler,26
17,17,Mikropenis,37962
18,18,Venush√ºgel,5877
19,19,Adolf Fick,10176
20,20,Heimseite,22
21,21,Atze (Name),3420
22,22,Weibliche Brust,33243
23,23,Gummipuppe,22
24,24,SEX,13496
25,25,Sieg Heil,25
26,26,Kritik am Islam,25
27,27,Poker,65471
28,28,Adolf Ficker,3359
29,29,Fick mich,36
30,30,Jude (Begriffskl√§rung),851
31,31,Fotze,10843
32,32,Schule,58677
33,33,Sexualhormone,3850
34,34,Furzkissen,2973
35,35,Pimmel,19
36,36,Pissen,341
37,37,Votze,24
38,38,Furz,54
39,39,Konzentrationslager (historischer Begriff),48095
40,40,Kurden in der T√ºrkei,46961
41,41,Ostjuden,36
42,42,Gebet,52918
43,43,Opfer (Religion),118369
44,44,Nutte,5983
45,45,Lutscher,27
46,46,Ausl√§nder,26952
47,47,Kosovo-Albaner,11347
48,48,Die Fahne hoch,31
49,49,Analdehnung,4751
50,50,NSDAP/AO,20689
51,51,Deutsche Revolution 1848/1849,146035
52,52,Liste von Breakdance-Crews,3101
53,53,Ostjuden und Westjuden,8094
54,54,Muschi,1015
55,55,HSV (Begriffskl√§rung),1787
56,56,Rechtskonservatismus,6366
57,57,Negrid,21
58,58,Mongolide,15813
59,59,Gesichtsbesamung,21
60,60,Analfisting,41
61,61,Sperma,23903
62,62,Jesus,28
63,63,√ñsterreicher,1604
64,64,Sexy,23
65,65,Runterholen,26
66,66,Graue W√∂lfe,40311
67,67,Titte,40
68,68,Arschloch (Begriffskl√§rung),970
69,69,F√ºhrer (Begriffskl√§rung),3667
70,70,August Fick,3895
71,71,Schwuchtel,8808
72,72,Schwuchtle,24
73,73,Abtreibung,37
74,74,Ferkel,40
75,75,Hitlergru√ü,32452
76,76,Pr√§ventivschlag,11376
77,77,Chronologie der reichsten Deutschen,72647
78,78,Antijudaismus im Mittelalter,44
79,79,Radikalismus,22140
80,80,Playboy (Person),13507
81,81,Klo,834
82,82,Rhymin Simon,24988
83,83,Kagge,26
84,84,Passierschein A38,43
85,85,Schamhaar,19057
86,86,Heilpraktiker,51701
87,87,XD,822
88,88,Geistige Behinderung,62168
89,89,Antizionismus,61549
90,90,Arschloch (Kartenspiel),8013
91,91,Scheisse,27
92,92,Die Judenbuche,24860
93,93,Rassifizierung,26
94,94,Zungenkuss,471
95,95,Klitoris,74278
96,96,9/11,52
97,97,Nicotin,53057
98,98,Pups,528
99,99,Au√üerchristliche antike Quellen zu Jesus von Nazaret,53605
100,100,Wuestenstrom,39077
101,101,Ratten,40133
102,102,Homer Simpson,20149
103,103,Hodenkrebs,15817
104,104,Galatasaray Istanbul,164714
105,105,Orgasmus,118459
106,106,Rechtsrock,16413
107,107,Wrestling,66074
108,108,Hauptseite,256
109,109,Chemie,40430
110,110,Homo,21095
111,111,Penisvergr√∂√üerung,12389
112,112,Body Mass Index,29
113,113,Ahmadiyya,133853
114,114,Crack (Droge),13885
115,115,Droge,108318
116,116,Heimattreue Deutsche Jugend,36271
117,117,Christus,28
118,118,Cannabis (Begriffskl√§rung),863
119,119,Nationalsozialistische Deutsche Arbeiterpartei,77490
120,120,Vagina des Menschen,61810
121,121,Scheide,1141
122,122,Kondom,59330
123,123,Hunde,29571
124,124,Gay,7486
125,125,Punk,62115
126,126,Satan,39847
127,127,BDSM,126273
128,128,Rap,12315
129,129,Gedicht,93
130,130,Hure,17054
131,131,Porno,657
132,132,Pubert√§t,45285
133,133,Adolf,22952
134,134,Schwanz,6621
135,135,Erektion,18605
136,136,P√§derastie,19082
137,137,Skinhead,35205
138,138,Oralverkehr,16390
139,139,Erotik,64628
140,140,Bastard,13879
141,141,Davidstern,14343
142,142,Joint,11861
143,143,Johann Wolfgang Goethe,40
144,144,Christopher Street Day,16979
145,145,Affen,22586
146,146,Hoden,77513
147,147,Durchfall,29261
148,148,Kiffen,417
149,149,Ursula (Vorname),5604
150,150,Karateka,35
151,151,Flatus,27
152,152,Schamlippen,43018
153,153,Homo (Begriffskl√§rung),714
154,154,Begattung,3832
155,155,Eierstock,14701
156,156,Kamasutra,82184
157,157,Callboy,50
158,158,Breakdance,19968
159,159,Eunuch,34364
160,160,McDonald‚Äôs,85005
161,161,Lebemann,69
162,162,Lol,1839
163,163,Neonazismus,33634
164,164,Fremdgeschriebener,25
165,165,Wichser,4318
166,166,M√∂se,549
167,167,Japanische G√∂tter,18
168,168,Schei√üe,6835
169,169,Nigger,5702
170,170,Gothic (Kultur),146764
171,171,Pornofilm,34564
172,172,Homosexualit√§t und Religion,58812
173,173,Kotze,1811
174,174,Phallus,6541
175,175,Kanake (Umgangssprache),7361
176,176,Wichsen,251
177,177,Nymphomanie,6122
178,178,Schlampe,10180
179,179,Gangsta-Rap,14298
180,180,Mammalverkehr,2485
181,181,Basti,909
182,182,ALG II,70
183,183,Tadeusz Kosciuszko,33
184,184,Fu√üfetischismus,11203
185,185,Ludwig von Ficker,5743
186,186,Hartz 4,22
187,187,Penisring,3809
188,188,Pornodarsteller,29153
189,189,Nasensekret,3881
190,190,Trottel,2532
191,191,Ren√© (Name),5511
192,192,Strip-Poker,1893
193,193,%s,281
194,194,Penner,1387
195,195,Fick (Familienname),3624
196,196,Robin,1420
197,197,Sprudel,268
198,198,Vergasen,3537
199,199,Wixer,91
200,200,Christina,98
201,201,Pimp,4340
202,202,Saufen,21
203,203,Mulch,21
204,204,Strumpf- und Sockenfetischismus,36
205,205,Holocaust,196748
206,206,Gaskammer (Massenmord),69057
207,207,Zigarette,42715
208,208,Russen,25108
209,209,Julius von Ficker,9861
210,210,Islamfaschismus,35014
211,211,Fuck,26315
212,212,Arsch,48
213,213,Atombombenabwurf auf Hiroshima,106
214,214,Geil,1002
215,215,Idiot,4040
216,216,Klammheimliche Freude,34
217,217,F√§kalsprache,42
218,218,Verr√ºckt,22
219,219,Gaylord,10822
220,220,Big Beautiful Woman,46
221,221,Ecstasy,23
222,222,USA,37
223,223,Homezone,25
224,224,Arschfick,25
225,225,Robert (Vorname),6846
226,226,Banane,1144
227,227,Scharia-Islam,25
228,228,Hurensohn,3594
229,229,Deutsche Literatur,40
230,230,Schimpfwort,22303
231,231,Hurenkind,110
232,232,Sexmuffel,29
233,233,Anmacherinnen,27
234,234,Sozialistische Jugoslawische Republik Kroatien,46
235,235,Scheidensekret,30
236,236,Chronologie des Zweiten Weltkrieges,295188
237,237,Ritualmord,7481
238,238,H√§sslichkeit,10911
239,239,Vegane Ern√§hrung,24
240,240,Breitbeilaxt,23
241,241,Alg 2,33
242,242,Klugscheisser,26
243,243,Gott (Begriffskl√§rung),1622
244,244,Informelle Bildung,32
245,245,Gammel,1183
246,246,Liebeskummer,14269
247,247,Fenerbah√ße Istanbul,136209
248,248,Moson v√°rmegye,32
249,249,Noob,683
250,250,Hundeschei√üe,22
251,251,Ernst-G√ºnther Schenck,36
252,252,Vibrator,26454
253,253,Pascher,1001
254,254,Mechanischer Reiz,40
255,255,Negerku√ü,24
256,256,Tierische Ern√§hrung,24
257,257,Sinti,60309
258,258,√úbersetzung,968
259,259,Vorsitzende,26
260,260,Bimbo,1325
261,261,Frauenarzt,31
262,262,Schnepfe,34
263,263,Sklaverei,84517
264,264,Industrielle Revolution in Deutschland,72461
265,265,Deutsche Geschichte,37
266,266,Looser,1295
267,267,Hauspferd,92917
268,268,Rinder,12687
269,269,Wege zum Gl√ºck,35978
270,270,The Beatles,232406
271,271,Morbide,25
272,272,Hodensack,16974
273,273,Primaten,40242
274,274,Killerpilze,30615
275,275,Missbrauch und Abh√§ngigkeit,42
276,276,Thor Steinar,28341
277,277,Koala,44236
278,278,Regenwald,8170
279,279,Farne,11621
280,280,Betriebskindergarten,42
281,281,Kake,5023
282,282,Menschliche Geschlechtsunterschiede,42732
283,283,Hirsuties papillaris penis,4275
284,284,G-Hot,10760
285,285,Waffen-SS,86931
286,286,Logarithmus,55330
287,287,Sibirien,42640
288,288,Depp,489
289,289,Schwuler,20
290,290,PKK,44
291,291,Schwul,86884
292,292,Dave Bautista,18401
293,293,Waveboard,5836
294,294,Roma (Ethnie),18
295,295,Diaspora,32885
296,296,Schiller,32
297,297,Gedenkdienst,27415
298,298,Mara Salvatrucha,18159
299,299,Rektale Darmsp√ºlung,31
300,300,Dampfmaschine,37844
301,301,Griechische Mythologie,37371
302,302,Marcus Fabius Quintilianus,24
303,303,Liste von Abk√ºrzungen (Netzjargon),56059
304,304,Dreisatz,9617
305,305,Foetor ex ore,24
306,306,Babsi,21
307,307,Heroinentzug,27
308,308,Grundgesetz,61
309,309,Gina (Vorname),5061
310,310,Attentat auf John F. Kennedy,155401
311,311,Hominisation,147651
312,312,Sexualhormon,27
313,313,Vampir,56050
314,314,Farn,626
315,315,Gesetze gegen Holocaustleugnung,31732
316,316,Deutschland sucht den Superstar,102740
317,317,Atze,661
318,318,Evolutionstheorie,12228
319,319,Kommaregeln der deutschen Sprache (Stand von 2006),25925
320,320,Pjotr Iljitsch Tschaikowski,62108
321,321,Jesus Christus,120418
322,322,Kohle,49328
323,323,Penis der V√∂gel,6185
324,324,Titten,35
325,325,Silber,65759
326,326,KZ Auschwitz,40273
327,327,Mohandas Karamchand Gandhi,130548
328,328,Eichelk√§se,20
329,329,Sonne,83869
330,330,Weltreligion,14690
331,331,Muslim,16648
332,332,ƒ∞stikl√¢l Mar≈üƒ±,7788
333,333,Sturm und Drang,14130
334,334,Chuck Norris Fact,37
335,335,Konzentrationslager,117999
336,336,Lordi,30065
337,337,Westminster Abbey,37647
338,338,Griechen,50608
339,339,Sparta,76071
340,340,Savanne,12400
341,341,Relativpronomen,15908
342,342,Evolution,59339
343,343,Atom,85712
344,344,Augustus,102427
345,345,Jerusalem,142462
346,346,Faschismus,50631
347,347,PhDr.,88
348,348,Schnecken,43813
349,349,Punische Kriege,7071
350,350,Kreuzigung,34382
351,351,Sahara,34275
352,352,Elisabeth II.,122866
353,353,Leck mir den Arsch fein recht sch√∂n sauber,4168
354,354,Okay,13481
355,355,Kaka,7279
356,356,Fellatio,8670
357,357,Lachen,30109
358,358,Zitronenfalter,10471
359,359,Geschwister Scholl,9440
360,360,Mongo,1720
361,361,Liste der Atommodelle,9643
362,362,Endl√∂sung der Judenfrage,64761
363,363,Hauskaninchen,80284
364,364,Peter der Gro√üe,33709
365,365,Lachen (Ausdrucksform),25
366,366,Arschficken,25
367,367,Vanessa Anne Hudgens,34
368,368,Dalai Lama,41417
369,369,Dem Deutschen Volke,38
370,370,Gladbecker Geiseldrama,43
371,371,Murphy‚Äôs Law,8332
372,372,Sivas-Massaker,42
373,373,ƒ∞stanbul,27
374,374,Schmerzmittel,25
375,375,W√ºstenstrom,26
376,376,Hip-Hop-Jargon,30519
377,377,Jessica Alba,15047
378,378,Nichttrinitarier,34
379,379,Neuling,4823
380,380,Jaja,936
381,381,Vogelgrippe H5N1,80398
382,382,Altsteinzeit,7185
383,383,Transzendentale Meditation,53890
384,384,Institut f√ºr Staatspolitik,24059
385,385,Partiya Karker√™n Kurdistan√™,44
386,386,Vitamine,26
387,387,UEFA-Pokal,37
388,388,Stormfront,3740
389,389,Gynophagie,27
390,390,Vollidiot,298
391,391,Graffiti,121192
392,392,Geilheit,7962
393,393,Informationsdienst gegen Rechtsextremismus,12236
394,394,Rondo (Musik),10069
395,395,Antike Judenfeindschaft,21564
396,396,Philosemit,29
397,397,Penis der Hunde,19710
398,398,Arbeitslosengeld I,49
399,399,√ñdp,46
400,400,Sexiest Man Alive,5943
401,401,Asexualit√§t,16712
402,402,Leck mich im Arsch,3871
403,403,Anders Celsius,7598
404,404,Euskadi Ta Askatasuna,100107
405,405,Candir√∫,363
406,406,Marc,4293
407,407,Freimaurerei,119137
408,408,Erd√∂l,96060
409,409,Schloss Versailles,97290
410,410,Playstation 3,32
411,411,Antibiotica,26
412,412,Selfmade Records,45914
413,413,Sven Henkler,7792
414,414,Jude,19
415,415,Rote Rosen,80021
416,416,Union der Sozialistischen Sowjetrepubliken,30
417,417,Buddhismus,63118
418,418,Napoleon Bonaparte,118190
419,419,Wasserl√§ufer,7599
420,420,Hasen,10566
421,421,Industriemechaniker,2682
422,422,Nordzypern,49
423,423,Saturn (Planet),56322
424,424,FC Barcelona,200958
425,425,Heil Hitler,25
426,426,Mogis,270
427,427,Satzgruppe des Pythagoras,10180
428,428,Europa,66591
429,429,Gaius Iulius Caesar,95483
430,430,Computer,33004
431,431,Der Besuch der alten Dame,32175
432,432,Subtropen,63431
433,433,Saurer Regen,16077
434,434,Immanuel Kant,123599
435,435,Heidi Samuel,29
436,436,Libellen,41737
437,437,Fettleibigkeit,58262
438,438,Bienen,34436
439,439,Bronx,29171
440,440,Obama,31
441,441,Kackenk√∂pfe,2499
442,442,Mitose,39023
443,443,Meiose,27359
444,444,Church of Satan,16855
445,445,R√∂misches Reich,82082
446,446,Sven-David M√ºller-Nothmann,37
447,447,Wiki,42253
448,448,Weimarer Klassik,19231
449,449,Monitoring (Studio),37
450,450,Kanzleramt,1957
451,451,Godwin‚Äôs law,8620
452,452,ISBN-Nummer,54
453,453,Arier,37711
454,454,Coffein,58015
455,455,Liebe,79082
456,456,Bill Gates,39707
457,457,James Watt,20064
458,458,Habbo Hotel,30207
459,459,Supply Chain Management,42
460,460,Generalvollmacht,10323
461,461,Bericht (Journalismus),6656
462,462,Pussy,816
463,463,Farin Urlaub,19463
464,464,Sauerstoff,78213
465,465,V√∂geln,7684
466,466,Schmetterlinge,111234
467,467,Johann Fabri (Dominikaner),100
468,468,KZ Buchenwald,93606
469,469,Bob Marley,29002
470,470,Alessandro Volta,15109
471,471,Krankheit,34181
472,472,Hochzeitsfotojournalist,38
473,473,Allah,26423
474,474,Magnetismus,46766
475,475,Finanzkapital,6940
476,476,(134340) Pluto,19
477,477,Forum,1563
478,478,Warschauer Aufstand (1944),38
479,479,Serbische Sprache,33036
480,480,Wasserstoff,88687
481,481,T.E.C.,22
482,482,Stickstoff,45620
483,483,Homo sapiens (Begriffskl√§rung),1088
484,484,Homer,22730
485,485,Gl√§serr√ºcken,2439
486,486,Religion,138632
487,487,BMW,86987
488,488,Schabbat,117889
489,489,Uranus (Planet),73851
490,490,Ostermarsch,36251
491,491,Britney Spears/Diskografie,29498
492,492,Klobesen,35
493,493,Pr√§position,14982
494,494,Bermudadreieck,31109
495,495,Urin,74767
496,496,Gro√üer T√ºmmler,15239
497,497,Wellensittich,35024
498,498,Klima,107882
499,499,Sibirischer Tiger,23572
500,500,Insekten,80211
501,501,Penis des Menschen,33519
502,502,Taumatawhakatangihangakoauotamateturipukakapikimaungahoro-Nukupokaiwhenuakitanatahu,99
503,503,Judentum,45392
504,504,Vivian Schmitt,5585
505,505,V√∂gel,59930
506,506,Christian (Begriffskl√§rung),1704
507,507,Muschi (Ort),3970
508,508,Borussia M√∂nchengladbach,231260
509,509,Heiliger Krieg,52589
510,510,Freiheitsstatue,88524
511,511,Bauernkalender,143
512,512,Muhabbet,7486
513,513,MOK,6040
514,514,Judensau,113258
515,515,Waagerechter Wurf,5454
516,516,Labrador Retriever,22176
517,517,Kindersoldat,22285
518,518,Kloster,29634
519,519,Oma,1772
520,520,Eichen,63671
521,521,Pipeline,59433
522,522,Haddsch,20770
523,523,Weltjudentum,33200
524,524,Ohrenqualle,4977
525,525,Menstruationszyklus,22039
526,526,Odysseus,74615
527,527,Menstruation,19573
528,528,Blue Ray,33
529,529,Blue-Ray,33
530,530,Blue-Ray Disc,33
531,531,Blue-Ray-Disc,33
532,532,Blue-ray,33
533,533,BlueRay,33
534,534,Blueray,33
535,535,Hallo,9236
536,536,Wei√ükopfseeadler,23444
537,537,Perseus (Sohn des Zeus),14666
538,538,Merkantilismus,87608
539,539,Herr Mannelig,8551
540,540,Christoph H√∂ffel,30
541,541,Kasino-Kapitalismus,36230
542,542,Astigmatismus (Optik),113
543,543,Koma (Optik),72
544,544,Existenzminimum,15110
545,545,Ghost Rider (Motorradfahrer),4640
546,546,Vincent van Gogh,128284
547,547,Fliegen,20458
548,548,Mama (Begriffskl√§rung),1909
549,549,Zecken,33252
550,550,Kiefern,28640
551,551,Mongo Clikke,22
552,552,Gemeiner Grash√ºpfer,4837
553,553,Hundekot,13791
554,554,Ashley Tisdale,13694
555,555,Snoop Dogg,31485
556,556,Dellendr√ºcker,50
557,557,Onlinespiel,6517
558,558,Schei√üen,23
559,559,Markus Pytlik,4226
560,560,-philie,5933
561,561,Das Eiserne Kreuz,3012
562,562,Cradle of Filth,26256
563,563,Kupfer,69135
564,564,Trauerarbeit,38
565,565,Essst√∂rung,31102
566,566,Toshka,33
567,567,Anne Frank,86907
568,568,Land (Deutschland),61213
569,569,Eminem,59051
570,570,Martin Luther,193081
571,571,Soziale Frage,26567
572,572,Analfick,25
573,573,Kacke,2796
574,574,Das Gesicht Mohammeds,39
575,575,Anal,367
576,576,Sadaqat Ahmed,56
577,577,Shit,377
578,578,Cunt,375
579,579,John Locke,71285
580,580,Zentrale f√ºr Unterrichtsmedien im Internet,14571
581,581,Geschlechtsmerkmal,4610
582,582,Allerheiligen,15448
583,583,Counter-Strike,49554
584,584,Nerd,17887
585,585,Novemberpogrome 1938,140328
586,586,J√ºdische Speisegesetze,140667
587,587,Homo sapiens,90
588,588,Vince Tomas,22
589,589,Lohnwucher,10915
590,590,Maulw√ºrfe,34853
591,591,Zweite industrielle Revolution,7964
592,592,Tropischer Wirbelsturm,31896
593,593,Scrubs ‚Äì Die Anf√§nger,62701
594,594,Minnesang,26240
595,595,Christine N√∂stlinger,32438
596,596,Bibel,78211
597,597,Wodka,18094
598,598,Natural Dogmanship,24
599,599,Wasserkreislauf,5649
600,600,Glaziale Serie,12608
601,601,Olympische Spiele der Antike,29179
602,602,Passat (Windsystem),13138
603,603,Vanessa Hudgens,52725
604,604,Kohlenstoffdioxid,105866
605,605,Wolfsheim,28451
606,606,Steptokokken,34
607,607,Green Day,26693
608,608,Kurzgeschichte,16172
609,609,Apple Remote,24
610,610,Phosphors√§ure,17940
611,611,Blei,93356
612,612,Perfekt,3423
613,613,Claudia Massari,2952
614,614,Blut,46378
615,615,Aqu√§dukt,20801
616,616,J√∂rg,6150
617,617,Mohammed-Karikaturen (Jyllands-Posten),39
618,618,Jupiter (Planet),60128
619,619,Emre,3656
620,620,Alois Stimakovits,2735
621,621,Wetter,20032
622,622,Robbie Williams,43116
623,623,Kool Savas,72434
624,624,Bewerbung,43087
625,625,Krishna,12552
626,626,Haftbefehl (Rapper),19849
627,627,Christentum,63750
628,628,Braunb√§r,83662
629,629,Bushid≈ç,9456
630,630,Petting,4715
631,631,Hitler (Begriffskl√§rung),1480
632,632,BƒÉlgarska Socialistiƒçeska Partija,52
633,633,Koran,49482
634,634,Naruto (Manga),130981
635,635,Deine Mutter,31
636,636,Sturm der Liebe,201004
637,637,Klimazone,62660
638,638,Adolph Kolping,22535
639,639,"Karneval, Fastnacht und Fasching",66596
640,640,Elektrischer Strom,26124
641,641,Sowjetunion,120836
642,642,Qualle,24517
643,643,Buch,29788
644,644,Spastik,24975
645,645,Empire State Building,51117
646,646,Lybien,27
647,647,Beleidigung (Deutschland),49446
648,648,Fichten,28527
649,649,Asozial,546
650,650,Casual Dating,24
651,651,Romantik,77155
652,652,A,15619
653,653,Arschloch,12300
654,654,Deine Mudda,36
655,655,Entwicklungsland,47697
656,656,Yu-Gi-Oh,28
657,657,Vererbung der Intelligenz,44
658,658,Bundesrat (Deutschland),97947
659,659,Raphael Bonelli,32
660,660,Judea declares war on Germany,67
661,661,√Ñpfel,21890
662,662,Goldene Zwanziger,29280
663,663,Vulkan,27419
664,664,Michail Sergejewitsch Gorbatschow,72025
665,665,Franz von Assisi,95307
666,666,Ehrenmord,48757
667,667,Cem √ñzdemir,54875
668,668,J√ºdische Religion,21585
669,669,Gott,135471
670,670,Leonardo da Vinci,118618
671,671,Vitalbeere,46
672,672,T√ºrken,22209
673,673,Holocaust (Begriffskl√§rung),595
674,674,Gro√üeltern,48278
675,675,Juden,27530
676,676,Wolfgang Stock (Journalist),25705
677,677,Niederschlag,24204
678,678,Salzs√§ure,18972
679,679,Bass Sultan Hengzt,11061
680,680,Tornado,35200
681,681,Alkohole,38851
682,682,Salpeters√§ure,18947
683,683,Vanilla Ninja,36241
684,684,Moskau,126676
685,685,SpVgg 1906 Haidhausen,34
686,686,Deutsch-t√ºrkische Waffenbr√ºderschaft,61
687,687,Yahya G√ºlay,1375
688,688,Cena,473
689,689,SWR,30
690,690,Geschlechtsorgan,15962
691,691,Italienische Mafia,40766
692,692,Hausschwein,31685
693,693,S√§uren,34933
694,694,√ñtzi,77269
695,695,Wilhelm Buggle,2613
696,696,Liste von Vereinen in Wuppertal,26334
697,697,Pfosten,878
698,698,Kernwaffentechnik,69959
699,699,Haus der Verantwortung,38
700,700,Ohr,21279
701,701,Elisabeth von Thurn und Taxis (Journalistin),8121
702,702,London,119631
703,703,Unabh√§ngigkeitserkl√§rung der Vereinigten Staaten,26999
704,704,NGC 421,184
705,705,Moin Moin,18
706,706,Erde,61843
707,707,Hurenkind und Schusterjunge,9508
708,708,Samenerguss,16685
709,709,Ische,84
710,710,Buchhalter,10321
711,711,Eisen,163946
712,712,Die Wolke,21048
713,713,Stumpfsinn,155
714,714,Der Richter und sein Henker,12685
715,715,Liste von Phobien,23211
716,716,Alkalimetalle,17340
717,717,Platin,33589
718,718,Planet,41586
719,719,Schildkr√∂ten,69281
720,720,Isaac Newton,61534
721,721,Kfz-Mechatroniker,9809
722,722,Bericht,612
723,723,Jona,41811
724,724,Temperaturextrema,23427
725,725,Volleyball,199316
726,726,Nahtod-Erfahrung,34
727,727,Proteine,26
728,728,Ha-Ha,8509
729,729,Azad (Rapper),11250
730,730,Lady Gaga/Diskografie,42103
731,731,Anus,12564
732,732,Osama bin Laden,123755
733,733,Bruchrechnung,26177
734,734,Kanacke,25
735,735,Bong,9004
736,736,Liste von Begriffen des Drogenkonsums,25452
737,737,Berliner Mauer,186597
738,738,Wolfgang Borchert,90809
739,739,Hakan,3831
740,740,Diktatur,93052
741,741,Gold,149089
742,742,Stuhlgang,12554
743,743,Mathematik,37511
744,744,Robyn Fenty,26
745,745,Terroranschl√§ge am 11. September 2001,174557
746,746,Elisabeth Prinzessin von Thurn und Taxis,48
747,747,Cham√§leons,54248
748,748,Ersguterjunge,35917
749,749,Gerhard Hasse,6171
750,750,Hans Sarpei,13004
751,751,Big Ben,14554
752,752,Weihnachten,155687
753,753,Sekte,36950
754,754,Elektromotor,40229
755,755,Sonnenenergie,21800
756,756,Wattwurm,7305
757,757,Inuit,23524
758,758,Arktis,48184
759,759,Helium,68261
760,760,Reggae,21701
761,761,Mongoloid,26
762,762,Micaela Sch√§fer,16177
763,763,Ejakulation,436
764,764,Luiza Borac,9735
765,765,Politisches Testament Adolf Hitlers,62735
766,766,Universum,29503
767,767,Badminton,65724
768,768,Salvia divinorum,65
769,769,Gotik,162283
770,770,Mars (Planet),125490
771,771,Islamischer Dschihad,53
772,772,Pok√©mon,40711
773,773,Ondrej Nepela,8710
774,774,Tierpflegerin,25
775,775,Zweiter Weltkrieg,389144
776,776,Honk,766
777,777,Fuchsstadt (Stadtlauringen),1689
778,778,Ina Borrmann,4096
779,779,Smiley,12098
780,780,Lol (Fluss),2847
781,781,Wappen Spaniens,12522
782,782,Chlor,57682
783,783,Thermische Energie,3568
784,784,Borkenk√§fer,48035
785,785,Das Venus-Projekt,44
786,786,4chan,53823
787,787,Wolfgang P≈ôiklopil,640
788,788,Isotop,14106
789,789,Waldameisen,15595
790,790,Schempp-Hirth Duo Discus,5686
791,791,Heinrich B√∂rnstein,20344
792,792,Energydrink,24729
793,793,Ohrw√ºrmer,24343
794,794,Vergasung,657
795,795,Verbrechen der Wehrmacht,193281
796,796,Passierschein A 38,83
797,797,Opfer (Schimpfwort),10002
798,798,Deine Mudder,36
799,799,Seewolf,28
800,800,Kreuzzug,57196
801,801,D√∂ner,31
802,802,Vietnamkrieg,242889
803,803,Amische,91844
804,804,Herakles,38148
805,805,Hurrikan,35298
806,806,Hornisse,31385
807,807,Wladimir Iljitsch Lenin,104604
808,808,Halogene,16396
809,809,Robby Rob,34
810,810,Echte Wespen,29321
811,811,BF4,208
812,812,Mainboard,26
813,813,Aggregatszustand,29
814,814,Sophie Scholl,37451
815,815,B√ºrokaufleute,32
816,816,H√§sslich,27
817,817,Rainer Maria Woelki,117976
818,818,Chuck Norris,22655
819,819,Daoismus,69017
820,820,Johann Sebastian Bach,146189
821,821,Bullenreiten,3288
822,822,Victorious/Episodenliste,82941
823,823,Lady Gaga,41092
824,824,Shisha,37059
825,825,Theodor Fontane,71802
826,826,Elisabeth Neier,2142
827,827,Duo Discus,43
828,828,NGC 68,368
829,829,Hinduismus,121465
830,830,Baum,60886
831,831,Snoop Lion,57
832,832,Lenin,42
833,833,Holokaust,28
834,834,Deutsche Revolution 1848/49,48
835,835,Rechte Esoterik,50
836,836,Physik,47489
837,837,Edda Minck,7449
838,838,Vereinigte Staaten,283313
839,839,Senkaku-Inseln,47672
840,840,World of Warcraft,89951
841,841,Wolpertinger,7086
842,842,Phorum,1621
843,843,Synagoge,35456
844,844,Vereinigte Staaten von Amerika,37
845,845,Milit√§rprojektion,67
846,846,Jugendarbeitsschutzgesetz,15701
847,847,Ralf Liedtke,5133
848,848,Vogelspinnen,27848
849,849,Automobil,40655
850,850,Satz des Pythagoras,59298
851,851,Bausparkasse Schw√§bisch Hall,7692
852,852,Mittelalter,66827
853,853,Deine-Mutter-Witz,15014
854,854,Fette,28106
855,855,Kohlenhydrate,75427
856,856,Blume (Botanik),25
857,857,Alkalische L√∂sung,9113
858,858,Beleidigung,541
859,859,Dubstep,18099
860,860,Urheberrecht (Deutschland),57053
861,861,Pfingsten,39685
862,862,Deutsches Urheberrecht,46
863,863,Planetenerkundung,24
864,864,Haushund,124924
865,865,Fat Joe,13660
866,866,Aralsee,43314
867,867,Dragon Ball,82320
868,868,David McAllister,19414
869,869,Rudolf H√∂√ü,60969
870,870,Nigga,229
871,871,Magnesium,57372
872,872,Chihuahua (Hunderasse),5180
873,873,Dummheit,10404
874,874,Diphtherie,30157
875,875,Perseus (Mythologie),42
876,876,Super-Chandrasekhar-Supernova vom Typ Ia,7728
877,877,Kartograf,14754
878,878,Jackie Chan,39945
879,879,2MASS J12501166+3925582,43
880,880,AIDS,143617
881,881,KZ Auschwitz II Birkenau,40
882,882,Heuaufguss,2724
883,883,Barbie,41116
884,884,Biber,38255
885,885,Thermonukleare Supernova vom Typ Ia,23
886,886,Zenit (Nachrichtenagentur),4854
887,887,Windpocken,36362
888,888,R√∂teln,34576
889,889,Ludwig van Beethoven,130433
890,890,London Dungeon,1616
891,891,J. R. R. Tolkien,53236
892,892,Alkohol,413
893,893,√Ñgyptische Hieroglyphen,84601
894,894,Siberian Husky,7441
895,895,Beth Nahrin,31
896,896,Arische Rasse,24
897,897,Sandra Speichert,7666
898,898,Barakuda,43
899,899,Eichenlaub (Band),6335
900,900,Pupert√§t,30
901,901,Wolfgang Priklopil,52
902,902,Swag,4859
903,903,Ulrich Lichtenthaler,12452
904,904,Cro (Rapper),30140
905,905,Musiktheater,6003
906,906,Big Time Rush,27050
907,907,Barock,111242
908,908,CFD,900
909,909,Romulus und Remus,23633
910,910,Dietrich Bonhoeffer,109241
911,911,Gay Lord,26
912,912,Kristen Stewart,33879
913,913,Bushido (Rapper),94675
914,914,Gro√üe Kalifornische Schl√ºssellochschnecke,4960
915,915,Privilegiertes Uniformiertes Grazer B√ºrgerkorps,67
916,916,Wartburgfest,32311
917,917,Fliegendes Spaghettimonster,57483
918,918,David Guetta,97582
919,919,Kosovo,187930
920,920,Yolo,674
921,921,Au√üerchristliche Notizen zu Jesus von Nazaret,72
922,922,Schniedel,24
923,923,Pedob√§r,19
924,924,Rechtsextremismus,125726
925,925,Elektromagnet,21634
926,926,Aschermittwoch,12211
927,927,Stalin,31
928,928,Nelson Mandela,87164
929,929,Wasserversorgung im R√∂mischen Reich,26683
930,930,Gentechnik,42579
931,931,Zach Galifianakis,10144
932,932,W√ºste,28773
933,933,Plusquamperfekt,8305
934,934,Drei√üigj√§hriger Krieg,138402
935,935,Edelsteinbestattung,31
936,936,Liste der reichsten Deutschen,52
937,937,Stati,30
938,938,Analkette,67
939,939,Saxophon,37516
940,940,Chuck Norris Facts,6393
941,941,Wasser,72663
942,942,MILF,800
943,943,Sydney,77858
944,944,"Leck mire den A‚Ä¶ recht schon, fein sauber",62
945,945,Theodor Ballauff,10459
946,946,Skateboard,18866
947,947,Anlassverfahren,20370
948,948,Iloprost,26
949,949,Latinum,6997
950,950,Kariesinfiltration,43
951,951,Rettungshund,27711
952,952,Thomas Hornauer,17729
953,953,Galileo Galilei,77649
954,954,Hermes,15550
955,955,Miley Cyrus,57210
956,956,Usain Bolt,95889
957,957,Franck Rib√©ry,36429
958,958,Trag√∂die,13928
959,959,Kacken,28
960,960,Peter Fox,16203
961,961,Klob√ºrste,30
962,962,Kernspaltung,22926
963,963,Auge,31567
964,964,Schmerztherapie,42713
965,965,Peter I. (Russland),35
966,966,Schwefels√§ure,42329
967,967,Albanien,178753
968,968,Schokolade,61512
969,969,Initiative Neue Soziale Marktwirtschaft,55511
970,970,Ficken,11011
971,971,Eurasisches Eichh√∂rnchen,43552
972,972,"Matices - Zeitschrift zu Lateinamerika, Spanien und Portugal",26
973,973,Wildschwein,93099
974,974,Moschee,24127
975,975,AC/DC,37209
976,976,Held,23380
977,977,Florian,11680
978,978,Temperatur,39348
979,979,San Francisco,73966
980,980,Brasilien,228910
981,981,Michael Schumacher,193411
982,982,Nationalsozialismus,92557
983,983,Sonnensystem,41472
984,984,Kolosseum,25085
985,985,Erster Weltkrieg,455540
986,986,Jennifer,5465
987,987,YouTube,119826
988,988,Zahnmedizinischer Fachangestellter,13468
989,989,Butt-Head,52
990,990,Grad Celsius,14211
991,991,Spanien,159656
992,992,Christenverfolgung,93223
993,993,Will Smith,32170
994,994,Metin2,18199
995,995,Kernkraftwerk,89730
996,996,Johann Wolfgang von Goethe,277282
997,997,Republik Krim,539
998,998,Schwefel,117084
999,999,Gr√ºndonnerstag,37056
1000,1000,Wasserkraft,36463
1001,1001,F√ºnf Schl√∂sser,75
1002,1002,Sucht,42
1003,1003,Fall des ¬´Heilers von Bern¬ª,4480
1004,1004,Maya-Zivilisation,59428
1005,1005,Dragonball,30
1006,1006,Away from Keyboard,51
1007,1007,Deniz Naki,20585
1008,1008,Niger,93754
1009,1009,Sicherheitsverwahrung,39
1010,1010,Jugendstrafrecht (Deutschland),15853
1011,1011,Netiquette,13024
1012,1012,Wasserstofffusion,37
1013,1013,Salze,26665
1014,1014,Kanada,216319
1015,1015,ArtRave: The Artpop Ball,14505
1016,1016,Heroin,75875
1017,1017,Franz Schubert,77663
1018,1018,Klorolle,41
1019,1019,R. L. Stine,12936
1020,1020,U-Bahn-Linie 35 (Bochum),9210
1021,1021,Skorpione,38623
1022,1022,Martin Goeres,5871
1023,1023,Tagebuch der Anne Frank,49356
1024,1024,Habbo.cr,30
1025,1025,Index.php,27
1026,1026,Kr√ºppel,4602
1027,1027,Pferde,157721
1028,1028,ENERGY Wien,30
1029,1029,Kot,30192
1030,1030,Itti,26
1031,1031,The Hidden Wiki,3140
1032,1032,Adolf Hitler,312306
1033,1033,Sexueller Missbrauch in der r√∂misch-katholischen Kirche,158722
1034,1034,Die Leiden des jungen Werther,49
1035,1035,AfD,73
1036,1036,Albert Einstein,157377
1037,1037,Pisse,232
1038,1038,Tower Bridge,13969
1039,1039,Neymar,49305
1040,1040,Lehrer,24863
1041,1041,Fu√üballweltmeisterschaft,45
1042,1042,Bemannte Raumfahrt,20169
1043,1043,Schuluniform,17830
1044,1044,Beitrittsverhandlungen der T√ºrkei mit der Europ√§ischen Union,81403
1045,1045,Software,41373
1046,1046,Fabian (Name),8433
1047,1047,Siegfried Heimberg,6174
1048,1048,Lala S√ºsskind,8259
1049,1049,IP-Adresse,34574
1050,1050,Wichse,280
1051,1051,Zwillinge (Tierkreiszeichen),2518
1052,1052,Magersucht,30
1053,1053,BKK-W√ºrth,29
1054,1054,R√∂misch-katholische Kirche,54112
1055,1055,L√∂we (Tierkreiszeichen),2310
1056,1056,Krebs (Tierkreiszeichen),2389
1057,1057,Stier (Tierkreiszeichen),2579
1058,1058,Fische (Tierkreiszeichen),3020
1059,1059,Wassermann (Tierkreiszeichen),2423
1060,1060,Neuapostolische Kirche,119608
1061,1061,42 (Antwort),13077
1062,1062,Kelvin,20750
1063,1063,Joule,16350
1064,1064,Kernenergie,219512
1065,1065,Newton (Einheit),7350
1066,1066,Kernfusion,28019
1067,1067,Kraftwerk,66396
1068,1068,Gravitation,43851
1069,1069,Norwegen,182203
1070,1070,Pablo Picasso,166035
1071,1071,Ku-Klux-Klan,57444
1072,1072,Papst,50796
1073,1073,Abraham Lincoln,98792
1074,1074,Antonius Hilfrich,6462
1075,1075,Daimler (Unternehmen),38
1076,1076,Christoph Kolumbus,80313
1077,1077,Natronlauge,7551
1078,1078,Fu√üball,77395
1079,1079,Wehrhain,6657
1080,1080,L√∂we,73763
1081,1081,Rhapsody,691
1082,1082,Wikinger,152523
1083,1083,Bakterien,47744
1084,1084,Merkur (Planet),78026
1085,1085,Tiger,104625
1086,1086,Kalle Stropp und sein Freund Boll,444
1087,1087,Spast,166
1088,1088,Hitlerputsch,37903
1089,1089,Star Wars Kid,6090
1090,1090,Kaimai Ranges,248
1091,1091,Luftangriffe auf Dresden,153245
1092,1092,Thaiistik,7327
1093,1093,Volker Grabowsky,5741
1094,1094,Der K√∂nig der L√∂wen (Musical),17716
1095,1095,Johnny Depp,56905
1096,1096,Ameisen,102890
1097,1097,Marco Polo,63518
1098,1098,Ares,8344
1099,1099,Filmmusik,34064
1100,1100,Viren,83494
1101,1101,Offene Handelsgesellschaft,67533
1102,1102,Absolutismus,91232
1103,1103,Sch√∂pfung,39170
1104,1104,LOL,5835
1105,1105,Rosa Parks,17421
1106,1106,Medizinischer Fachangestellter,18897
1107,1107,Amphetamin,58540
1108,1108,Faust. Eine Trag√∂die,102439
1109,1109,Princess of Cambridge,37
1110,1110,Golden Retriever,21408
1111,1111,YOLO,4500
1112,1112,Feuersalamander,101500
1113,1113,Aristoteles,176755
1114,1114,Eau de Toilette,41
1115,1115,Toilettenb√ºrste,2662
1116,1116,Jaguar,34536
1117,1117,Azteken,49634
1118,1118,Steve Jobs,48172
1119,1119,Schiff,19580
1120,1120,Krieg,154109
1121,1121,Liste der Streitkr√§fte der Welt,42
1122,1122,Gesetzliche Rentenversicherung (Deutschland),89353
1123,1123,Beihilfekasse,63
1124,1124,Flaschenzug,28060
1125,1125,P√§dophilie,92329
1126,1126,Umweltverschmutzung,14138
1127,1127,Industrielle Revolution,103483
1128,1128,Das Venus Projekt,44
1129,1129,Cannabis,50
1130,1130,Selbstbefriedigung,26
1131,1131,Frau,55313
1132,1132,Mahatma Gandhi,45
1133,1133,Private Krankenkasse,41
1134,1134,N√ºlle,33
1135,1135,Sex,63859
1136,1136,Penis,5353
1137,1137,Magnus G√§fgen,28600
1138,1138,Rosa Luxemburg,177722
1139,1139,Antisemitismus,57768
1140,1140,New York City,155752
1141,1141,Bundeskanzler (Deutschland),105723
1142,1142,Helga Schauerte-Maubouet,6528
1143,1143,Schiefe Ebene,22089
1144,1144,Konrad Adenauer,127359
1145,1145,Wei√ügerberviertel,37
1146,1146,Wei√ügerbervorstadt,37
1147,1147,Masern,123440
1148,1148,Industrialisierung,17102
1149,1149,Dragqueen,12065
1150,1150,Myriam von M,14596
1151,1151,Edelgase,40282
1152,1152,Swastika,161530
1153,1153,Liste der Tr√§ger der deutschen Gesetzlichen Krankenversicherung,48
1154,1154,DIN 5008,18747
1155,1155,Brad Pitt,32523
1156,1156,K√ºhlschmiermittel,13026
1157,1157,The Presidents of the United States of America,7774
1158,1158,Sixpence None the Richer,7861
1159,1159,Google,63504
1160,1160,Eva Braun,18025
1161,1161,William Shakespeare,84715
1162,1162,Rationale Zahl,24850
1163,1163,Desoxyribonukleins√§ure,84332
1164,1164,Schutzstaffel,66017
1165,1165,Entenv√∂gel,35962
1166,1166,Japanischer Schulbuchstreit,23687
1167,1167,Vandalismus,26086
1168,1168,Parlamentswahlen in der Mongolei 1924‚Äì1949,2412
1169,1169,Jugendschutzgesetz (Deutschland),28675
1170,1170,Dreieck,33007
1171,1171,Hospiz,33167
1172,1172,Indisch Blau,49
1173,1173,Mormonentum,102778
1174,1174,Pest,76179
1175,1175,Weichteilhemmung,3524
1176,1176,Zahnformel,15291
1177,1177,Vorpommersche Boddenlandschaft,62
1178,1178,Michael Jordan,44981
1179,1179,Arschficksong,15011
1180,1180,Polargebiet,51616
1181,1181,Polizei,40171
1182,1182,Gronkh,41396
1183,1183,Zeus,19388
1184,1184,Todesstrafe,285114
1185,1185,National Security Agency,89640
1186,1186,Nicklas Bendtner,15718
1187,1187,5 Seconds of Summer,30190
1188,1188,Tape Art,8377
1189,1189,Taschenmuschi,37
1190,1190,Herpes simplex,64901
1191,1191,Flucht und Vertreibung Deutscher aus Mittel- und Osteuropa 1945‚Äì1950,72633
1192,1192,Reihenschaltung,18062
1193,1193,Alan Rickman,17402
1194,1194,Fett,1198
1195,1195,Schwertwal,56353
1196,1196,Lobau,26086
1197,1197,Liste der gesetzlichen Krankenkassen in Deutschland,48
1198,1198,Meerschweinchen,73565
1199,1199,Tower of London,102913
1200,1200,Penisk√§fig,12509
1201,1201,Franz√∂sische Fu√üballnationalmannschaft,134002
1202,1202,John F. Kennedy,74351
1203,1203,Rond√≤ Veneziano,15427
1204,1204,Titanic (Schiff),194093
1205,1205,Humanistisches Judentum,6271
1206,1206,Iphigenie auf Tauris,29978
1207,1207,Ludwig XIV.,97661
1208,1208,Elektrische Spannung,38117
1209,1209,Diamant,92743
1210,1210,Private IP-Adresse,7433
1211,1211,Robert Falcon Scott,86189
1212,1212,Selahattin Demirta≈ü,25980
1213,1213,Gips,45645
1214,1214,Ethanol,73313
1215,1215,Schattenkinder (Buch),4862
1216,1216,Olympische G√∂tter,10887
1217,1217,Adidas,78749
1218,1218,BKK Merck,28
1219,1219,Taufe,92061
1220,1220,Rote Armee Fraktion,113217
1221,1221,U-Bahnlinie 35 (Bochum),43
1222,1222,Sika Schweiz AG,21
1223,1223,Aufkl√§rung,321980
1224,1224,Heiko Lochmann,423
1225,1225,Aluminium,129292
1226,1226,Fronleichnam,95579
1227,1227,Christi Himmelfahrt,27202
1228,1228,Pegida,301405
1229,1229,Kosovarische Fu√üballauswahl,58
1230,1230,Von der schwedischen Reichsbank in Erinnerung an Alfred Nobel gestifteter Preis f√ºr Wirtschaftswissenschaften,79
1231,1231,Schweden,153152
1232,1232,Lucas Cordalis,5655
1233,1233,Otto Waalkes,52524
1234,1234,Majoe & Jasko,3559
1235,1235,Partiya Karker√™n Kurdistan,44
1236,1236,Kiffer,44
1237,1237,Claus Schenk Graf von Stauffenberg,77372
1238,1238,Max von der Gr√ºn,29567
1239,1239,Elektron,21045
1240,1240,Sterbehilfe,170933
1241,1241,Todesopfer rechter Gewalt in Deutschland,85
1242,1242,Weltknuddeltag,5082
1243,1243,Pfarrkirche Wien-Neusimmering,45
1244,1244,Pfarrkirche Neusimmering,45
1245,1245,Zuckerallergie,49
1246,1246,Dave Batista,32
1247,1247,Energy-Drink,30
1248,1248,Georg Friedrich Wilhelm Schaeffler,3870
1249,1249,Aufsperrdienst,29
1250,1250,Geschlechtsverkehr,41455
1251,1251,Paris,164907
1252,1252,Bl√§hung,35453
1253,1253,Minecraft,139816
1254,1254,Giraffe,27
1255,1255,Schmarrn,1343
1256,1256,Methamphetamin,64948
1257,1257,HK 33,5216
1258,1258,50 Cent,18607
1259,1259,Deutsch,1345
1260,1260,FC Bayern M√ºnchen,287206
1261,1261,Deutsche,115830
1262,1262,Hauskatze,180401
1263,1263,Psilocybinhaltige Pilze,68454
1264,1264,SOS-Kinderdorf,23323
1265,1265,Diego Vel√°zquez,46905
1266,1266,Amokflug,26
1267,1267,Flexi (Unternehmen),3846
1268,1268,Wladimir Putin,49
1269,1269,Gregs Tagebuch,18903
1270,1270,Blutige Weihnachten (1963),24089
1271,1271,Gotthold Ephraim Lessing,55025
1272,1272,Deutsches Institut f√ºr Jugend und Gesellschaft,126
1273,1273,Mama,57
1274,1274,Rumi (Dichter),24489
1275,1275,Kneiph√∂fisches Rathaus,44
1276,1276,Harry Potter,78375
1277,1277,Sickergrube,4034
1278,1278,Kneiph√∂fsches Rathaus,44
1279,1279,Martin Luther und die Juden,168354
1280,1280,Liste phobischer St√∂rungen,36
1281,1281,Star Wars,186726
1282,1282,Belgien,136568
1283,1283,Fleischpenis,39
1284,1284,Blutpenis,39
1285,1285,Mordanschlag,22
1286,1286,Elektrische Leistung,8009
1287,1287,Rechtsradikalismus,301
1288,1288,Barmer Ersatzkasse,11973
1289,1289,Barmer GEK,37
1290,1290,Sparda-Bank Ostbayern,3017
1291,1291,Reichsidee,9786
1292,1292,Popel,1496
1293,1293,Liste der gr√∂√üten St√§dte in Serbien,14053
1294,1294,Behinderung,116196
1295,1295,Delfine,35261
1296,1296,Bad Romance,24689
1297,1297,Venus (Planet),139655
1298,1298,Blindenwerkstatt,25
1299,1299,Wei√üer Hai,43232
1300,1300,Pedo,265
1301,1301,Homosexualit√§t,169436
1302,1302,Antikes Griechenland,121075
1303,1303,Italien,231140
1304,1304,Nordkorea,178449
1305,1305,Tropen,68708
1306,1306,Schurzen,46
1307,1307,Politik,43185
1308,1308,Joanne K. Rowling,57251
1309,1309,Haie,54712
1310,1310,Oktoberfestattentat,115043
1311,1311,Popmusik,23967
1312,1312,RB Leipzig,124409
1313,1313,Legierung,32532
1314,1314,Urknall,48719
1315,1315,Griechisch-T√ºrkischer Krieg,37210
1316,1316,Hitlerjugend,67094
1317,1317,Âçê,21
1318,1318,Âçç,21
1319,1319,Rothschild (Familie),48025
1320,1320,Remen,59
1321,1321,Era Istrefi,9844
1322,1322,Microsoft,121890
1323,1323,Jugoslawien,24159
1324,1324,Westminster-Palast,40
1325,1325,Zweiter Tschetschenienkrieg,23126
1326,1326,Toni der Assi,7560
1327,1327,Br√ºder Grimm,38256
1328,1328,Deutscher Bundestag,176488
1329,1329,V√∂lkerwanderung,221249
1330,1330,Malcolm X,39817
1331,1331,LSD,68986
1332,1332,Meteorit,53883
1333,1333,Gallowwalkers,11821
1334,1334,Dildo,9917
1335,1335,L√©onie Abo,2781
1336,1336,Chat,14181
1337,1337,Buch Jona,154
1338,1338,Echinocereus kroenleinii,36
1339,1339,Echinocereus tamaulipensis,36
1340,1340,Claudia Kemfert,33321
1341,1341,Richard L√∂wenherz,141506
1342,1342,Braunkohle,27411
1343,1343,Evangelisch,4440
1344,1344,Borealer Nadelwald,45625
1345,1345,Mariengymnasium Arnsberg,11278
1346,1346,Liste deutscher privater Krankenversicherer,14758
1347,1347,Gaskammer (V√∂lkermord),41
1348,1348,Entstehung der Erde,12615
1349,1349,Dagi Bee,15825
1350,1350,Zypern,55264
1351,1351,Identit√§re Bewegung,99872
1352,1352,Ziegen,12549
1353,1353,Defend Europe,48
1354,1354,Kinderarbeit,42525
1355,1355,Marvin,5448
1356,1356,Iberia L√≠neas A√©reas de Espa√±a,39134
1357,1357,Max Frisch,112233
1358,1358,Hilfswerk der Vereinten Nationen f√ºr Pal√§stina-Fl√ºchtlinge im Nahen Osten,31138
1359,1359,Land-See-Windsystem,6659
1360,1360,Germanische Neue Medizin,60
1361,1361,Missgeburt,25
1362,1362,Niki Luftfahrt,18824
1363,1363,Caitlyn Jenner,15077
1364,1364,Slender Man,12789
1365,1365,Simmel-Kapelle,5196
1366,1366,Pfarrkirche Hochkrumbach,33
1367,1367,Blauwal,24027
1368,1368,Jacob Sartorius,7115
1369,1369,PUBG: Battlegrounds,52877
1370,1370,GermanLetsPlay,17433
1371,1371,Necmettin Erbakan,17037
1372,1372,V√∂lkermord an den Aram√§ern,56
1373,1373,Online-Spiel,30
1374,1374,Jane Goodall,24392
1375,1375,Weberknechte,58357
1376,1376,Venedig,206461
1377,1377,Hauptplatine,15279
1378,1378,Hochofen,106561
1379,1379,Biosph√§renreservat Spreewald,19205
1380,1380,Schnabeltier,29158
1381,1381,Ebstorfer Weltkarte,11442
1382,1382,Windenergie,144012
1383,1383,Kurdistan,29011
1384,1384,Bundeszahn√§rztekammer,7132
1385,1385,Tetanus,39328
1386,1386,Tourette-Syndrom,39526
1387,1387,Abtei Unserer Lieben Frau Chau Son Don Duong,45
1388,1388,Arbeiterpartei Kurdistans,183761
1389,1389,Lappen,776
1390,1390,Forz,26
1391,1391,Tollwut,60185
1392,1392,Ban≈´ Quraiza,96786
1393,1393,Hanf als Rauschmittel,44
1394,1394,Franz√∂sische Revolution,151878
1395,1395,Ebolavirus,58135
1396,1396,Vi≈°egrad,10029
1397,1397,Long Dong Silver,3515
1398,1398,Liste von Kryptow√§hrungen,30947
1399,1399,Mood-Technik,3157
1400,1400,Mickey-Mousing,5182
1401,1401,Thorsten Schr√∂der,10141
1402,1402,Dag-Alexis Kopplin,380
1403,1403,Didgeridoo,19789
1404,1404,Ready Player One (Roman),10081
1405,1405,Barack Obama,216499
1406,1406,Bartolomeu Dias,17057
1407,1407,Friedensvertrag von Versailles,63015
1408,1408,Gregor Mendel,73889
1409,1409,Artikel 1 des Grundgesetzes f√ºr die Bundesrepublik Deutschland,7925
1410,1410,Wolfgang Aigner (Politiker),5452
1411,1411,Masturbation,60303
1412,1412,2001,87457
1413,1413,Wirtschaft im Mittelalter,6407
1414,1414,Kurf√ºrstentum Sachsen,262418
1415,1415,Klonen,24711
1416,1416,Zigeuner,75101
1417,1417,Michael Bittner (Maueropfer),4622
1418,1418,S√ºdzucker BKK,3202
1419,1419,Flatexdegiro,22585
1420,1420,Homo erectus,69136
1421,1421,Deutschland,283990
1422,1422,Julia Kl√∂ckner,58702
1423,1423,Hamburger SV,338979
1424,1424,David Motadel,5564
1425,1425,Odin,44371
1426,1426,Hades,14467
1427,1427,Abdullah √ñcalan,54956
1428,1428,Die Drogen,7846
1429,1429,Heinrich Himmler,95654
1430,1430,Konflikt in Syrien seit 2011,51
1431,1431,HSV,31
1432,1432,Daniel Cohn-Bendit,88488
1433,1433,Banu Quraiza,32
1434,1434,Scheich Scharaf ad-Din,4036
1435,1435,Melek Taus,9856
1436,1436,Verschw√∂rungstheorien zum 11. September 2001,202622
1437,1437,KIIS-FM,2934
1438,1438,Denkmal f√ºr die ermordeten Juden Europas,53317
1439,1439,Alsfeld,62470
1440,1440,Crumble,1727
1441,1441,Stadt Luxemburg,36
1442,1442,Lutz Bachmann,44098
1443,1443,Andreas Steinh√∂fel,22892
1444,1444,HPV-Impfstoff,72567
1445,1445,Fastenzeit,28881
1446,1446,L. Ron Hubbard,27209
1447,1447,Heinz-Christian Strache,146157
1448,1448,Emden zur Zeit des Nationalsozialismus,136592
1449,1449,G√ºllefass,8871
1450,1450,Karfreitag,44003
1451,1451,Gnom (Rakete),2393
1452,1452,Sisyphos,20953
1453,1453,Candiru,27
1454,1454,Kernwaffe,91397
1455,1455,Au√üerk√∂rperliche Erfahrung,45465
1456,1456,A.F.C. Paderborn Dolphins,41
1457,1457,Treibhauseffekt,66221
1458,1458,Kollegah,108312
1459,1459,Chemtrail,25865
1460,1460,Tsunami,49085
1461,1461,St.-Veit-Kirche (G√§rtringen),41277
1462,1462,HK33,24
1463,1463,Peter Schnaubelt,4083
1464,1464,Euklid,17991
1465,1465,Latein,66207
1466,1466,Veraschen,7306
1467,1467,Romeo und Julia,72555
1468,1468,Alkene,22984
1469,1469,Zelle (Biologie),28642
1470,1470,Psychagogische Psychotherapie,7354
1471,1471,Ren√© Bloch (Mediziner),5177
1472,1472,Axel Hilpert,11332
1473,1473,G√ºnther Kratsch,5016
1474,1474,Gotthold Schramm,5312
1475,1475,Scientology,106153
1476,1476,PH-Wert,34856
1477,1477,Vitamin,37294
1478,1478,Ion,12482
1479,1479,Niere,52213
1480,1480,Chemische Reaktion,56619
1481,1481,"Harry, Duke of Sussex",27426
1482,1482,Existenzrecht Israels,75361
1483,1483,Waldbrand bei Wei√üwasser 1992,5089
1484,1484,Internationaler Franz F√ºhmann Freundeskreis,38
1485,1485,Cola,18676
1486,1486,Atombombenabw√ºrfe auf Hiroshima und Nagasaki,95326
1487,1487,Roger Federer,198796
1488,1488,Helix (Tumbler),3399
1489,1489,√Ñgypten,150868
1490,1490,Norbert Gallinnis,4262
1491,1491,Englische Sprache,34222
1492,1492,Christlich Demokratische Union Deutschlands,133817
1493,1493,Mesut √ñzil,100260
1494,1494,Biomasse,49246
1495,1495,Klempner,18413
1496,1496,Geschichtsrevisionismus,51357
1497,1497,Hilferufe von dr√ºben (Verein),2565
1498,1498,Apple,148642
1499,1499,Sonnenstaatland,3925
1500,1500,Trabzonspor,53729
1501,1501,Zigeunersauce,7749
1502,1502,≈†arplaninac,4569
1503,1503,Habets,317
1504,1504,Natriumchlorid,31033
1505,1505,Israel,247406
1506,1506,Deutsche Nationalhymne,39588
1507,1507,Pille danach,39835
1508,1508,Liste der gr√∂√üten deutschen St√§dte,36785
1509,1509,Eulen,28365
1510,1510,Praxedis Genevi√®ve Hug,7604
1511,1511,Liste von Gedenk- und Aktionstagen,228732
1512,1512,Neandertaler,220371
1513,1513,Klimawandel,154446
1514,1514,Process Communication Model,26
1515,1515,Nikolaus Kopernikus,67185
1516,1516,Martin Luther King,81069
1517,1517,Capgemini Consulting,35
1518,1518,K√§ngurus,30781
1519,1519,Michael Jackson,119109
1520,1520,Center for European Policy Analysis,3598
1521,1521,Mainline-Kirche,34
1522,1522,Mustafa Kemal Atat√ºrk,75681
1523,1523,Rados≈Çaw Gajek,3841
1524,1524,Marihuana,16663
1525,1525,üí©,60
1526,1526,Eiffelturm,197924
1527,1527,Aktie,33783
1528,1528,Handball,46910
1529,1529,Analverkehr,63589
1530,1530,Schamlippe,30
1531,1531,Kasernengel√§nde Am Treptower Park,5635
1532,1532,Fortnite,96801
1533,1533,Bayernkurier,6467
1534,1534,Undertale,23846
1535,1535,Manuela Macedonia,9206
1536,1536,Mohammed,136839
1537,1537,Kakke,22
1538,1538,Dominik,14108
1539,1539,Gladiator,54900
1540,1540,Fred Trump,32
1541,1541,Liste nicht best√§tigter Eintr√§ge im New General Catalogue,91131
1542,1542,Katholische Pfadfinderschaft Europas,102903
1543,1543,Oxidation,8690
1544,1544,Troja,68521
1545,1545,Feuerwerk,87204
1546,1546,Josef Stalin,139449
1547,1547,Russisch-Ukrainischer Krieg,476197
1548,1548,Liechtenstein,178793
1549,1549,Islam,94775
1550,1550,Liste der meistabonnierten deutschen YouTube-Kan√§le,15466
1551,1551,Liste der St√§dte in der Schweiz,74226
1552,1552,XXXTentacion,23655
1553,1553,Pinguine,56420
1554,1554,Liste der meistabonnierten YouTube-Kan√§le in Deutschland,71
1555,1555,Boucsein,35
1556,1556,Schwarzes Loch,94594
1557,1557,Walter Doerfler,8538
1558,1558,Ges√§√ü,6592
1559,1559,Wunder Jesu,48718
1560,1560,Saskia Ludwig,24893
1561,1561,Ausgleichsmechanismusverordnung,26765
1562,1562,Chromatographie,33514
1563,1563,Muh,17
1564,1564,Spd,67
1565,1565,Fu√ü,20668
1566,1566,Kartoffel,81582
1567,1567,Pizza,33303
1568,1568,Photovoltaikanlage,61486
1569,1569,Apfel,1751
1570,1570,Queen (Band),96130
1571,1571,Caroline Schr√∂der,2128
1572,1572,Carl Hermann (Physiker),4840
1573,1573,Hauser Exkursionen,28
1574,1574,Kohlekraftwerk,93616
1575,1575,Wale,92994
1576,1576,Flatulenz,27
1577,1577,Paed Conca,2599
1578,1578,Wei√üe Rose,55793
1579,1579,Holz,65617
1580,1580,Enjambement,9311
1581,1581,Katrin Hu√ü,5463
1582,1582,Terroranschlag auf zwei Moscheen in Christchurch,49400
1583,1583,Judenfeindlichkeit,33
1584,1584,Stammesgeschichte des Menschen,90659
1585,1585,Als Hitler das rosa Kaninchen stahl,7941
1586,1586,Impfung,139485
1587,1587,Attac,70670
1588,1588,Wikitext,7605
1589,1589,Georg Elser,113195
1590,1590,Bekim Fehmiu,5925
1591,1591,Brand der Kathedrale Notre Dame,53
1592,1592,Kokain,78592
1593,1593,Adipositas,33
1594,1594,Homof√ºrst,54
1595,1595,Todesangst,646
1596,1596,Quecksilber,109200
1597,1597,Jesus von Nazaret,122838
1598,1598,Recep Tayyip Erdoƒüan,146082
1599,1599,Ab-in-den-urlaub.de,30
1600,1600,Mensch,70133
1601,1601,Schwangerschaftsabbruch,290757
1602,1602,Tschechoslowakei,53942
1603,1603,Tschechien,142758
1604,1604,Attacken am 29. Dezember 2018 in Amberg,13129
1605,1605,Homosexualit√§t und r√∂misch-katholische Kirche,70064
1606,1606,Cheops-Pyramide,183715
1607,1607,Konstantinopel,45079
1608,1608,Olf,3300
1609,1609,Relativit√§tstheorie,37456
1610,1610,Bananen,36700
1611,1611,DschalƒÅl ad-Dƒ´n ar-R≈´mƒ´,33
1612,1612,Pornhub,39810
1613,1613,Kirchliche Trauung,60585
1614,1614,Lippische Landeskirche,21570
1615,1615,Endotherme Reaktion,4867
1616,1616,Muskulatur,21983
1617,1617,Obst,9877
1618,1618,Florijana Ismaili,6447
1619,1619,Aeroflot-Flug 1492,12397
1620,1620,Zehn Gebote,79855
1621,1621,Sayuki,5227
1622,1622,Ufo361,12269
1623,1623,Gr√∂nland,150396
1624,1624,Shoah,28
1625,1625,Valy Hedjasi,2833
1626,1626,Entjudung,24
1627,1627,Entjudaisierung,24
1628,1628,Jay Z,24
1629,1629,Otto Lohm√ºller,4042
1630,1630,Osmanisches Reich,241575
1631,1631,Reiner Winkler,1878
1632,1632,Jos√© Cordero,336
1633,1633,Albaner in √ñsterreich,4661
1634,1634,Erwin Josef Ender,8177
1635,1635,Schweiz,387522
1636,1636,Hockeyschl√§ger-Diagramm,31872
1637,1637,Times Square,11506
1638,1638,OG Keemo,6500
1639,1639,NS-Rap,16909
1640,1640,Bielefeld,173172
1641,1641,Dieter Gieseking,419
1642,1642,Conchita Wurst,41261
1643,1643,Robert Redford,33391
1644,1644,Hava,23
1645,1645,The Ondas,32
1646,1646,Friedrich Schiller,106163
1647,1647,Netzklasse,7059
1648,1648,Rockmusik,33913
1649,1649,Saleh ibn Fawzan,8328
1650,1650,M√ºsl√ºm G√ºrses,12259
1651,1651,Warren Beatty,11803
1652,1652,China,7644
1653,1653,Unitymedia,66893
1654,1654,Sklaverei im Islam,33209
1655,1655,Verteidiger des Glaubens (Film),16089
1656,1656,Hermann G√∂ring,98504
1657,1657,Nil,61637
1658,1658,Klimawandelleugnung,246585
1659,1659,Unter uns,155032
1660,1660,Kanake (Schimpfwort),42
1661,1661,Bibi Vaplan,26
1662,1662,Rock ‚Äôn‚Äô Roll,42472
1663,1663,Megachurch,22714
1664,1664,Tora,66334
1665,1665,Internationaler Tag zur Beseitigung von Gewalt gegen Frauen,7109
1666,1666,Spiegel,44627
1667,1667,Nirwana,12036
1668,1668,DrefGold,6569
1669,1669,Haushuhn,49510
1670,1670,Cornelius von der Heyden,496
1671,1671,Titan (Mythologie),8623
1672,1672,Suizid,146589
1673,1673,Aachen,202833
1674,1674,Tierpark Sassnitz,6048
1675,1675,Heinrich Heine,199832
1676,1676,Kuh,1939
1677,1677,Zeugen Jehovas,125389
1678,1678,RIN (Rapper),9898
1679,1679,Salz,2383
1680,1680,"Tesla, Inc.",129911
1681,1681,Liste der denkmalgesch√ºtzten Objekte in Murfeld,75
1682,1682,Michael K√ºhntopf,9208
1683,1683,LP (S√§ngerin),19693
1684,1684,Rainer Baasner,2806
1685,1685,Viktor R.,2014
1686,1686,Viertaktmotor,19231
1687,1687,Ungeheuer von Loch Ness,19505
1688,1688,Herz,68592
1689,1689,Suizid durch Vergiftung mit Medikamenten,30828
1690,1690,D-c-fix,1932
1691,1691,Vereinigtes K√∂nigreich,190757
1692,1692,Charlie Charlie Challenge,9873
1693,1693,Mero,891
1694,1694,Geschichte Marokkos,270334
1695,1695,Tugendprotzerei,36
1696,1696,Virtue signaling,36
1697,1697,Frankfurt,3744
1698,1698,Geschichte der Vereinigten Staaten,136960
1699,1699,Super-Chandrasekhar mass type Ia supernova,59
1700,1700,Aram√§er (Volk),18504
1701,1701,Mano Michael,3763
1702,1702,Dummkopf,390
1703,1703,Resolution (Logik),18428
1704,1704,Heeresgeschichtliches Museum,121104
1705,1705,Nennt mich nicht Ismael!,10090
1706,1706,Poseidon,12519
1707,1707,Lyrisches Ich,15036
1708,1708,Soziale Marktwirtschaft,168434
1709,1709,Illyrer,22356
1710,1710,Verbrennungsmotor,47545
1711,1711,Ehrenmann,286
1712,1712,Process-Mining,6794
1713,1713,Orthodoxe Kirchen,61062
1714,1714,"Hochschule f√ºr Medien, Kommunikation und Wirtschaft",11348
1715,1715,Sadismus,10984
1716,1716,Georges Lakhovsky,2337
1717,1717,Johannes Kahrs,43778
1718,1718,Corona (Bier),5095
1719,1719,Nelly-Sachs-Gymnasium,4064
1720,1720,TG Neuss Tigers,15429
1721,1721,Altes √Ñgypten,45688
1722,1722,Newtonsche Gesetze,22990
1723,1723,Hecht,9033
1724,1724,Kreuzotter,37565
1725,1725,Pyramiden von Gizeh,15973
1726,1726,V√∂lkermord an den Armeniern,226713
1727,1727,Franz Kafka,147892
1728,1728,Protokolle der Weisen von Zion,152384
1729,1729,Udo Voigt,27785
1730,1730,Bernhard Felmberg,15421
1731,1731,Europ√§ische Union,248607
1732,1732,Multiregionaler Ursprung des modernen Menschen,30957
1733,1733,Chris Ares,10879
1734,1734,Andrea Schaller,4218
1735,1735,Freiherr-vom-Stein-Schule (Frankfurt am Main),11635
1736,1736,Weltanschauungsrecht,48
1737,1737,Savannah-Katze,16162
1738,1738,Polarfuchs,18477
1739,1739,Lauch (Schimpfwort),2970
1740,1740,BTS (Band),90512
1741,1741,One Direction,12339
1742,1742,Missionarsstellung,11283
1743,1743,Ren√© Dawn-Claude,4936
1744,1744,Kommunistische Jugend Schweiz,242
1745,1745,Hinterkaifeck,59632
1746,1746,Islamischer Staat (Organisation),307276
1747,1747,DB Privat- und Firmenkundenbank,8254
1748,1748,Justin Bieber,53717
1749,1749,Nationaldemokratische Partei Deutschlands,166677
1750,1750,Vulva,141231
1751,1751,Lailat al-Qadr,5478
1752,1752,Entwurf,28
1753,1753,Bar Mitzwa,6164
1754,1754,Wolfgang Amadeus Mozart,124357
1755,1755,Afrika,71322
1756,1756,Area 51,36650
1757,1757,Zauneidechse,15306
1758,1758,Lino Lavista,2260
1759,1759,Galaktoboureko,1143
1760,1760,Nigersaurus,13554
1761,1761,Domenico Dolce,450
1762,1762,Liste von Motorradclubs,1634
1763,1763,Widerstand2020,96
1764,1764,Biographie,23
1765,1765,Katja Krasavice,12570
1766,1766,Es steht geschrieben,6352
1767,1767,Hanns-Martin-Schleyer-Halle,7913
1768,1768,Gzuz,15642
1769,1769,Ensdorf (Oberpfalz),10765
1770,1770,Joseph Goebbels,153966
1771,1771,Stefan Molyneux,9435
1772,1772,Gert Scobel,15047
1773,1773,Friendzone,2565
1774,1774,Windel,23308
1775,1775,Fernando Alonso,114597
1776,1776,U-Bahn-Station Bacherplatz,59
1777,1777,Project for the New American Century,13250
1778,1778,Alexander Herr,11643
1779,1779,Fler,57311
1780,1780,Mois (Webvideoproduzent),20890
1781,1781,Schakschuka,4205
1782,1782,Baltisches biografisches Lexikon digital,2844
1783,1783,Alternativ Demokratesch Reformpartei,21597
1784,1784,Mediterrane Rasse,41
1785,1785,Nordische Rasse,35
1786,1786,Dinarische Rasse,36
1787,1787,Orientalische Rasse,39
1788,1788,Sinide,35
1789,1789,Pygmide,34
1790,1790,Volkmar Weiss,28465
1791,1791,Sichart,610
1792,1792,Elon Musk,73046
1793,1793,Leonhard Hochenegg,3449
1794,1794,Die megageile K√ºken-Farm,4087
1795,1795,Drogen-Glossar,56
1796,1796,Pizzagate,13619
1797,1797,Annabelle (Puppe),6089
1798,1798,Blitz,87727
1799,1799,Troll (Netzkultur),20325
1800,1800,Anton Feichtner,3445
1801,1801,Viviane Asseyi,9221
1802,1802,Zaza-Sprache,47111
1803,1803,T√∂tung von George Floyd,117617
1804,1804,Kola-Bohrung,31205
1805,1805,Curt Gasteyger,3022
1806,1806,Vernichtungslager Maly Trostinez,32009
1807,1807,Gazivodasee,2578
1808,1808,Felseng√§nge (N√ºrnberg),18474
1809,1809,Main Page,278
1810,1810,Buckingham Palace,45532
1811,1811,Lucky Kids ‚Äì Kinderchor der Rheinischen Musikschule,2974
1812,1812,Fickers,34
1813,1813,√úmit,2970
1814,1814,Gay (Fu√üballspieler),1051
1815,1815,Áî∞ÈÇäÂÖÉ,32
1816,1816,Sternbild,47276
1817,1817,Hentai,20266
1818,1818,Saskia Esken,32644
1819,1819,Atze Schr√∂der,18189
1820,1820,Sean Connery,54722
1821,1821,Markus Schmidt (Schiedsrichter),2029
1822,1822,Pascal Weitmann,3915
1823,1823,Liste der Biografien/Weit,15823
1824,1824,Sido,58936
1825,1825,Donald Trump,356284
1826,1826,9. November (Deutschland),10252
1827,1827,Nazi,15685
1828,1828,Marco Sonnleitner,4307
1829,1829,Hans-Christian Petersen (Maler),6898
1830,1830,Dalal Bruchmann,5907
1831,1831,R≈´mƒ´,33
1832,1832,Sokrates,168087
1833,1833,Fjodor Wladimirowitsch Jemeljanenko,16682
1834,1834,Salus BKK,3053
1835,1835,Avondios Bica,2789
1836,1836,Sonnenfinsternis,59373
1837,1837,Hans-Christian Petersen,42
1838,1838,Altgriechische Sprache,88778
1839,1839,RNA-Impfstoff,65878
1840,1840,Ordovizium,29128
1841,1841,Bristol-Stuhlformen-Skala,1856
1842,1842,G√ºnther Lachmann,10539
1843,1843,Covid-19,27
1844,1844,Lena Stahl,2996
1845,1845,Armin Kalinowski,7925
1846,1846,JOIN,43
1847,1847,Elefanten,215421
1848,1848,Farbrevolutionen,18305
1849,1849,Selecta,6842
1850,1850,Johann Strauss (Sohn),62586
1851,1851,Dodo,22770
1852,1852,Allianz Krankenversicherung AG,49
1853,1853,Allianz Private Krankenkasse,49
1854,1854,Bilderverbot im Islam,32393
1855,1855,Gro√üstadtgefl√ºster,41
1856,1856,Querdenken 711,97
1857,1857,Fick,266
1858,1858,Flatex,31
1859,1859,Krokodile,74516
1860,1860,Torsten Gersdorf,4787
1861,1861,Antal Festetics,18629
1862,1862,Andreas von B√ºlow,18163
1863,1863,Anders Bodelsen,6369
1864,1864,Alexander Demandt,15003
1865,1865,Alain Badiou,45832
1866,1866,Alwin Schockem√∂hle,8371
1867,1867,Siegfried Nagl,25060
1868,1868,BAHN-BKK,27
1869,1869,BKK der SIEMAG,50
1870,1870,Betriebskrankenkasse der SIEMAG,50
1871,1871,SECURVITA Krankenkasse,32
1872,1872,BKK MAHLE,45
1873,1873,Karl der Gro√üe,198847
1874,1874,Landeshauptstadt M√ºnchen,214
1875,1875,Stadt Graz,23
1876,1876,Stadt K√∂nigsbr√ºck,27
1877,1877,Stadt Zug,154
1878,1878,Stadt Brandenburg,43
1879,1879,Land Baden,31
1880,1880,Landeshauptstadt Dresden,26
1881,1881,Stadt Gemen,166
1882,1882,Stadt Haag,43
1883,1883,Stadt Hohen Neuendorf,34
1884,1884,Stadt Aachen,20
1885,1885,Volkshochschule,24217
1886,1886,Sexualit√§t Adolf Hitlers,20072
1887,1887,Angstzust√§nde,26
1888,1888,Eckhardt,3740
1889,1889,Mond,131704
1890,1890,Archimedisches Prinzip,13697
1891,1891,Erdachse,6497
1892,1892,Viactiv BKK,5833
1893,1893,Finite Verbform,2943
1894,1894,Figuren der Harry-Potter-Romane,207390
1895,1895,Eisb√§r,45183
1896,1896,Leugnung der menschengemachten globalen Erw√§rmung,38
1897,1897,Krim,92439
1898,1898,Todesfall George Floyd,43
1899,1899,Liste der meistgefolgten deutschsprachigen Twitch-Kan√§le,3279
1900,1900,Macaulay Culkin,12458
1901,1901,Shah Rukh Khan,18697
1902,1902,WiR2020,6865
1903,1903,COVID-19-Pandemie in der Schweiz,171471
1904,1904,Dumakru,2894
1905,1905,Stromkreis,7206
1906,1906,Sep Ruf Gesellschaft,109
1907,1907,John Maynard,10778
1908,1908,Daniele Ganser,82429
1909,1909,B√ºrokaufmann,11275
1910,1910,M√ºll,953
1911,1911,Liste der Gro√üst√§dte in Deutschland,62224
1912,1912,Turkmenen (Irak),14300
1913,1913,ƒ∞smet ƒ∞n√∂n√º,36231
1914,1914,Tropischer Regenwald,60962
1915,1915,Ostern,46011
1916,1916,Liste der SS-F√ºhrer im Generalsrang,43155
1917,1917,Germania (Paulskirche),11202
1918,1918,Michael Spangenberger,2521
1919,1919,Karl Schaefer,32
1920,1920,Cosnova,3891
1921,1921,Inscope21,6939
1922,1922,Xherdan Shaqiri,25639
1923,1923,Ramon Schack,5320
1924,1924,Mediolanum,865
1925,1925,U-Bahnhof Rensingstra√üe,3288
1926,1926,Mazedonien,2779
1927,1927,Oettinger Brauerei,13095
1928,1928,Komantschen,28
1929,1929,Butoh,8038
1930,1930,Herxheim bei Landau/Pfalz,28049
1931,1931,Wolgadeutsche,10122
1932,1932,Schwarzer Tod,84169
1933,1933,J√∂rg Meuthen,69820
1934,1934,Schimpansen,39368
1935,1935,Aphrodite,54580
1936,1936,FC Schalke 04,186721
1937,1937,Liste der meistaufgerufenen YouTube-Videos,68232
1938,1938,Florentino P√©rez,10429
1939,1939,Jasmin Herren,9280
1940,1940,Mord an George Floyd,43
1941,1941,V√∂lkermord an den Herero und Nama,138303
1942,1942,Helmut H. Spiekermann,2286
1943,1943,FEMOTION RADIO,33
1944,1944,Karl Marx,201710
1945,1945,Berlin,284718
1946,1946,Simon Unge,26803
1947,1947,Liste der meistgefolgten Twitch-Kan√§le,8246
1948,1948,Muhammad Ali,71756
1949,1949,Chemisches Element,28454
1950,1950,Chemische Verbindung,10906
1951,1951,Satanismus,48999
1952,1952,Kkh,17
1953,1953,Lichtjahr,6266
1954,1954,Ohmsches Gesetz,21002
1955,1955,Elektrischer Widerstand,32942
1956,1956,Novitas BKK,17366
1957,1957,Sexualisierte Gewalt,20250
1958,1958,Unspezifische Abwehr,25
1959,1959,Kohlenstoff,48039
1960,1960,Texas,69511
1961,1961,Hauptgruppe,5278
1962,1962,Kampf Schneid- und Wickeltechnik,37
1963,1963,Brot,36072
1964,1964,1und1,34
1965,1965,Sitzverteilung in den deutschen Landesparlamenten,20359
1966,1966,Doktortitel,32
1967,1967,Kleiner Doktortitel,86
1968,1968,Thomas Burgartz,4098
1969,1969,Die Physiker,53254
1970,1970,Reichsb√ºrgerbewegung,188364
1971,1971,Gerichtslinde,7747
1972,1972,KZ Auschwitz-Birkenau,90507
1973,1973,Lithium,86693
1974,1974,KenFM,218
1975,1975,1&1,54
1976,1976,Malala Yousafzai,32891
1977,1977,Kopp Verlag,30185
1978,1978,Martin Sellner,24437
1979,1979,Sabbat,27
1980,1980,H√ºseyin,3793
1981,1981,Kaldewei,18076
1982,1982,Fu√üball-Weltmeisterschaft 1934,50870
1983,1983,Nikola Tesla (Begriffskl√§rung),320
1984,1984,Emden,144148
1985,1985,Amtsgericht Arnsberg,2526
1986,1986,Landgericht Arnsberg,6536
1987,1987,Sakrament,34668
1988,1988,Geschlecht,1704
1989,1989,Ghanima Atreides,147
1990,1990,Kathedrale von Sens,18684
1991,1991,Lionel Messi,134964
1992,1992,Marc-Uwe Kling,19805
1993,1993,Farid Bang,35771
1994,1994,Markus S√∂der,96102
1995,1995,Hip-Hop,24035
1996,1996,Tetrahydrocannabinol,61938
1997,1997,Comdirect,192
1998,1998,Internet,59864
1999,1999,Reiner Calmund,15998
2000,2000,Suchmaschinenoptimierung,27595
2001,2001,Julian Schutting,12899
2002,2002,Klaus Rosen,10731
2003,2003,Hans-Ulrich Klose,11777
2004,2004,Josef Isensee,9350
2005,2005,Matthias Gatzemeier,3582
2006,2006,Varusschlacht,113228
2007,2007,M√ºnchen,284431
2008,2008,Cristiano Ronaldo,191143
2009,2009,Parlez Verlag,26
2010,2010,Mutter Teresa,39832
2011,2011,Alexander der Gro√üe,172016
2012,2012,Tokio,69864
2013,2013,Wikipedia,170211
2014,2014,V√∂lund Smed,8979
2015,2015,Paul Schwesig,4085
2016,2016,Jeff Kinney,8896
2017,2017,Are You the One?,26439
2018,2018,Petra Michelle N√©rette,5798
2019,2019,Dornr√∂schen (1917),7959
2020,2020,Mallorca,93159
2021,2021,Liste von antisemitischen Anschl√§gen und Angriffen im deutschsprachigen Raum nach 1945,108016
2022,2022,Ed Sheeran,18333
2023,2023,Amerika,18378
2024,2024,Central Park,36442
2025,2025,Britney Spears,67818
2026,2026,Bernd-R√ºdiger Balda,5867
2027,2027,Antje Szillat,5893
2028,2028,Kurhaus Marienkron,67
2029,2029,Becky Lynch,24679
2030,2030,Induktionsherd,32
2031,2031,90-Grad-Ost-See,27
2032,2032,J√ºdische Bestattung,40532
2033,2033,Helene Fischer,41268
2034,2034,Wei√ürussland,26
2035,2035,Cool,8305
2036,2036,Giraffen,59704
2037,2037,Gil Ofarim,19047
2038,2038,B√§rbel Bas,13288
2039,2039,Unge,62
2040,2040,Festplattenlaufwerk,120053
2041,2041,Nusret G√∂k√ße,7984
2042,2042,Emskirchen,26271
2043,2043,Freie Demokratische Partei,211314
2044,2044,Haschisch,16605
2045,2045,Karin Ritter,6326
2046,2046,Defne Joy Foster,2166
2047,2047,Blume,11865
2048,2048,Olivier Giroud,28111
2049,2049,Bundesbrief von 1291,17468
2050,2050,Clemens Leusser,21247
2051,2051,BKK HMR,65
2052,2052,Great Barrier Reef,41172
2053,2053,Halloween,26360
2054,2054,Harry Styles,8304
2055,2055,Trafalgar Square,16553
2056,2056,Wiener Kongress,74414
2057,2057,Periodensystem,265988
2058,2058,Volksrepublik China,241073
2059,2059,Bier,44004
2060,2060,Medienpass NRW,3632
2061,2061,John Cena,22878
2062,2062,Kurden,54372
2063,2063,Mhplus Betriebskrankenkasse,41
2064,2064,MHplus Betriebskrankenkasse,7497
2065,2065,Skydance Media,4378
2066,2066,Theranos,23442
2067,2067,Jan B√∂hmermann,61071
2068,2068,Gemeinsame Betriebskrankenkasse K√∂ln,2878
2069,2069,Angela Merkel,238951
2070,2070,Altschauerberg,9115
2071,2071,Heimat Krankenkasse,6976
2072,2072,Antifa,77366
2073,2073,Wasserkraftwerk,34802
2074,2074,Daniel Anrig,8230
2075,2075,Liste der Staaten Europas,14163
2076,2076,DAK,17
2077,2077,Hek,22
2078,2078,Hkk,22
2079,2079,Tk,16
2080,2080,Francis Drake,63562
2081,2081,Manhattan-Projekt,26866
2082,2082,Eugeni Xammar,9733
2083,2083,Internationales Einheitensystem,51319
2084,2084,Gehen (Sport),13914
2085,2085,Gehen (Begriffskl√§rung),252
2086,2086,Gehen (Erz√§hlung),13715
2087,2087,"Gehen, ging, gegangen",46246
2088,2088,Barbro Lindgren,6222
2089,2089,Akongo,32
2090,2090,Barbara Bredow,2253
2091,2091,Karl-Ludwig-Haus,5258
2092,2092,Bj√∂rn H√∂cke,195454
2093,2093,Jimin (S√§nger),13198
2094,2094,Neue Deutsche Welle,10934
2095,2095,Fu√üball-Europameisterschaft 2020,52
2096,2096,Olaf Scholz,73980
2097,2097,J√∂rg Haider,82323
2098,2098,TV Pink,32
2099,2099,Chupacabra,3822
2100,2100,Carthago Reisemobilbau,7301
2101,2101,PlayerUnknown‚Äôs Battlegrounds,38
2102,2102,Englisches Fr√ºhst√ºck,4232
2103,2103,Mystic Circle,14180
2104,2104,Joko Winterscheidt,29366
2105,2105,Weihnachtsmann,37721
2106,2106,Vagina,13770
2107,2107,Julian,11038
2108,2108,Butt-Plug,8634
2109,2109,Adolf Eichmann,72800
2110,2110,G,4606
2111,2111,Faust. Eine Trag√∂die.,40
2112,2112,Communaut√© de Taiz√©,67399
2113,2113,L,7263
2114,2114,Kommunismus,79581
2115,2115,Joe Biden,118029
2116,2116,Kommaregeln,69
2117,2117,Aggregatzustand,29867
2118,2118,Gottesbild,10064
2119,2119,Blitzkrieg,28023
2120,2120,√ñsterreich,282025
2121,2121,Liste der gr√∂√üten St√§dte Europas,39561
2122,2122,Geschichte der Luftfahrt,72557
2123,2123,Tessa Ganserer,18193
2124,2124,Lego,91805
2125,2125,Marie Curie,81702
2126,2126,Malbergische Glossen,7614
2127,2127,Nikita Dmitrijewitsch Masepin,29515
2128,2128,NBB Netzgesellschaft Berlin-Brandenburg,9574
2129,2129,Frankreich,207892
2130,2130,Rassismus,174510
2131,2131,Tchibo Mobil,3936
2132,2132,Comdirect Bank,63005
2133,2133,Mondlandung,8214
2134,2134,Torben,3399
2135,2135,Au√üerirdisches Leben,56018
2136,2136,Frauenrechte,39498
2137,2137,Benedikt XVI.,215795
2138,2138,Benedikt Vallendar,6969
2139,2139,Johannes Paul II.,107650
2140,2140,Facebook,107175
2141,2141,Abd√ºlhamid II.,26442
2142,2142,Friedrich I. (HRR),152519
2143,2143,Samsung,36298
2144,2144,Panfu,10296
2145,2145,Gerhard Sattler,5783
2146,2146,Frank-Walter Steinmeier,100739
2147,2147,Komodowaran,50403
2148,2148,Clemens August Graf von Galen,91056
2149,2149,Holocaustleugnung,215532
2150,2150,Dua Lipa,21194
2151,2151,Ricarda Lang,12938
2152,2152,Tupac Shakur,17664
2153,2153,Christoph Waltz,32898
2154,2154,Buddha,25216
2155,2155,David M√ºller,548
2156,2156,Eren,3348
2157,2157,Finnland,198423
2158,2158,Emmanuel Macron,93813
2159,2159,Otto von Bismarck,179997
2160,2160,Putin,49
2161,2161,Techno,53185
2162,2162,Krieg in der Ukraine seit 2014,46
2163,2163,Generischer Markenname,96
2164,2164,Mia Khalifa,10862
2165,2165,Joshua-Tree-Nationalpark,10557
2166,2166,Karl Lauterbach,58264
2167,2167,MDMA,108198
2168,2168,Megalodon,46020
2169,2169,Yellowstone-Nationalpark,57452
2170,2170,Neptun (Planet),80521
2171,2171,Sozialdemokratische Partei Deutschlands,233287
2172,2172,Alternative f√ºr Deutschland,413431
2173,2173,Mordfall Junko Furuta,7751
2174,2174,Die 100,9492
2175,2175,Analkanal,100
2176,2176,K√∂ln,277246
2177,2177,Cannabis als Rauschmittel,155680
2178,2178,Louis Tomlinson,17629
2179,2179,Spinosaurus,37261
2180,2180,Die K√§nguru-Chroniken,45437
2181,2181,Philipp Lahm,55124
2182,2182,ARD-Werbung,36
2183,2183,Aram√§er (Gegenwart),10803
2184,2184,G√§hnen,34260
2185,2185,Christian Lindner,91143
2186,2186,Astrid Lindgren,63116
2187,2187,Astrid Wagner,4441
2188,2188,Elfchen,4725
2189,2189,Kurdische Sprachen,60753
2190,2190,Ritter Sport,37668
2191,2191,Haffen (Rees),6272
2192,2192,Wilhelm Tell,42786
2193,2193,Tschick (Roman),26446
2194,2194,Cumshot,5763
2195,2195,Felix Reda,11214
2196,2196,ƒ∞brahim Tatlƒ±ses,10706
2197,2197,Hermann Gei√üler (Theologe),29410
2198,2198,Gesundheit,17557
2199,2199,Dichte,13075
2200,2200,Axolotl,31122
2201,2201,Stern,51883
2202,2202,Luft,29761
2203,2203,Topologie (Rechnernetz),26565
2204,2204,Tee,71160
2205,2205,Kroatien,149720
2206,2206,Annalena Baerbock,69758
2207,2207,Oury Jalloh,70402
2208,2208,Politically Incorrect,81048
2209,2209,Milch,70658
2210,2210,SCP Foundation,28455
2211,2211,Vorstadtkrokodile,3098
2212,2212,Einhorn,45311
2213,2213,Thomas Schmitt (Fernsehproduzent),3855
2214,2214,Luise Fuckface,2083
2215,2215,Irakkrieg,76734
2216,2216,Australian Shepherd,10432
2217,2217,Lensing Media,13954
2218,2218,BKK,980
2219,2219,Mirijam G√ºnter,8941
2220,2220,MontanaBlack,13005
2221,2221,Otto III. (HRR),71632
2222,2222,Ingolf L√ºck,17750
2223,2223,Pahonja (Heraldik),5162
2224,2224,Attila Hildmann,68165
2225,2225,Real Madrid,121209
2226,2226,Schnee,41617
2227,2227,Ottomotor,17964
2228,2228,Druck (Physik),40154
2229,2229,Lettland,108090
2230,2230,G√ºnther Jauch,43785
2231,2231,√äzd√Æk√Æ,48
2232,2232,Gr√ºne Jugend,28651
2233,2233,Sam Langford,5135
2234,2234,Mehmet Din√ßer,2649
2235,2235,Flunkyball,6680
2236,2236,Indianer Nordamerikas,88613
2237,2237,Hans Sauer (Erfinder),8375
2238,2238,Nicolaus Otto,13118
2239,2239,Quantenphysik,28432
2240,2240,Nicolas Raschauer,7320
2241,2241,Autonome Region Kurdistan,112022
2242,2242,Schwarze Messe,21797
2243,2243,YouTube Poop,11356
2244,2244,Cyber Innovation Hub der Bundeswehr,159
2245,2245,Rom,124158
2246,2246,B√ºndnis 90/Die Gr√ºnen,179302
2247,2247,Hadrian (Kaiser),118253
2248,2248,Brand von Notre-Dame in Paris 2019,50287
2249,2249,Jesidische Sprache,30
2250,2250,FIFA,59829
2251,2251,Antonio Vivaldi,23205
2252,2252,Geschichte der Juden,195596
2253,2253,Vietnam,139632
2254,2254,Narzissmus,95378
2255,2255,Mir√≥ der J√ºngere,3584
2256,2256,Tommi Schmitt,8842
2257,2257,Purim,18212
2258,2258,Notruf Hafenkante,51849
2259,2259,Die M√§dchen-WG,6624
2260,2260,Die Jungs-WG,23642
2261,2261,Die Pfefferk√∂rner/Liste der Darsteller,60441
2262,2262,Neger,48028
2263,2263,Der gelbe Vogel,11898
2264,2264,Schloss Loosdorf,6368
2265,2265,Hausrind,38588
2266,2266,Boris Reitschuster,40766
2267,2267,Eurowings Discover,12556
2268,2268,Michael Wendler (S√§nger),46620
2269,2269,Eurowings,33439
2270,2270,Sex (Begriffskl√§rung),699
2271,2271,Muthmannsdorf,244
2272,2272,Wladimir Wladimirowitsch Putin,271451
2273,2273,Sidney Friede,14474
2274,2274,Max Schradin,9706
2275,2275,Kleopatra VII.,136508
2276,2276,Falun Gong,368931
2277,2277,Matern von Marschall,15135
2278,2278,"Diana, Princess of Wales",77965
2279,2279,Cola-Korn,49
2280,2280,Kek (Slang),3661
2281,2281,Berliner Pfannkuchen,12734
2282,2282,Katrin Lindner,316
2283,2283,Text,8653
2284,2284,Adenosintriphosphat,12854
2285,2285,Tyrell van Boog,7073
2286,2286,Konditorei Zauner,7330
2287,2287,0,1408
2288,2288,Cyber-Mobbing,66749
2289,2289,HD 59686,2896
2290,2290,HD 59686 b,1037
2291,2291,Schlacht um Kiew (2022),39574
2292,2292,Friedrich R√∂dler,19442
2293,2293,Flagge Kurdistans,5132
2294,2294,Kylian Mbapp√©,24523
2295,2295,Iron Man,11701
2296,2296,Liste geostation√§rer Satelliten,65692
2297,2297,Ayline Samard≈æiƒá,3158
2298,2298,BKK evm,1507
2299,2299,NGC 6666,78
2300,2300,IC 2330,1460
2301,2301,Physiker,10113
2302,2302,K√∂nigreich Kurdistan,6220
2303,2303,Syrien,106800
2304,2304,Baumsteigerfr√∂sche,21922
2305,2305,Pablo Escobar,43588
2306,2306,Radioaktivit√§t,68062
2307,2307,Kubikmeter,4655
2308,2308,S√ºleyman Nazif,9057
2309,2309,Cathy Lugner,5857
2310,2310,Zusatzbeitrag,46123
2311,2311,Gavin McInnes,9646
2312,2312,Abh√§ngigkeit (Medizin),25428
2313,2313,Adelina Agostinelli,6418
2314,2314,Herrnneuses,12012
2315,2315,Dieter Bohlen,34816
2316,2316,HD 114783 b,723
2317,2317,(546067) 2011 YM48,1307
2318,2318,(4271) Novosibirsk,1230
2319,2319,(4260) Yanai,1336
2320,2320,(962) Asl√∂g,1666
2321,2321,(699) Hela,1073
2322,2322,(3131) Mason-Dixon,3153
2323,2323,(4106) Nada,1542
2324,2324,(421) Z√§hringia,1216
2325,2325,(3380) Awaji,1852
2326,2326,IC 2266,1522
2327,2327,IC 2265,1429
2328,2328,Liste nicht best√§tigter Eintr√§ge im Index Catalogue,117416
2329,2329,(4575) Broman,1528
2330,2330,(3588) Kirik,1725
2331,2331,(4757) Liselotte,1032
2332,2332,(2092) Sumiana,3395
2333,2333,(4249) K≈ôem≈æe,1277
2334,2334,(2927) Alamosa,1584
2335,2335,(8593) Angustirostris,2728
2336,2336,(3608) Kataev,1777
2337,2337,George Soros,67603
2338,2338,Kaus Australis,2437
2339,2339,Œï Sagittarii,28
2340,2340,Epsilon Sagittarii,33
2341,2341,(444030) 2004 NT33,11035
2342,2342,Saturnpositionen,17721
2343,2343,IC 3600,2787
2344,2344,T√ºrkische Streitkr√§fte,45114
2345,2345,Peter Kraus,18459
2346,2346,Gruppe Wagner,101215
2347,2347,Jens Knossalla,32652
2348,2348,Sawsan Chebli,40229
2349,2349,Marc-Kevin Goellner,13625
2350,2350,Julien Bam,28634
2351,2351,Rezo,96586
2352,2352,Liste der Darsteller aus Schloss Einstein,65
2353,2353,Kim Kardashian,19119
2354,2354,(20000) Varuna,23238
2355,2355,Cannabidiol,36053
2356,2356,Liste von Kugelsternhaufen,28316
2357,2357,Supernova,56560
2358,2358,Liste deutscher Krankenkassen,24369
2359,2359,Greta Thunberg,95324
2360,2360,Camp Nou,26003
2361,2361,Alice Weidel,96833
2362,2362,Trutz Graf Kerssenbrock,3853
2363,2363,Krebs (Medizin),109078
2364,2364,Roy Lichtenstein,32884
2365,2365,Andy Warhol,89571
2366,2366,Kƒôtrzyn,26882
2367,2367,Eva Herman,52193
2368,2368,Grasshopper Club Z√ºrich,91068
2369,2369,Barlach Halle K,7920
2370,2370,Siddhartha Gautama,27561
2371,2371,Condor Flugdienst,59171
2372,2372,German,1838
2373,2373,Blues,21782
2374,2374,Freddie Mercury,55441
2375,2375,Citronens√§ure,19213
2376,2376,"William, Prince of Wales",37677
2377,2377,"William, Duke of Cambridge",43
2378,2378,Psiram,5798
2379,2379,"William, Duke of Cornwall and Cambridge",43
2380,2380,Bijan Khadem-Missagh,12084
2381,2381,Gregor Weichbrodt,13271
2382,2382,Dorothy Khadem-Missagh,5770
2383,2383,Georgine Kellermann,6198
2384,2384,NATO,177248
2385,2385,Liste der L√§nder Europas,44
2386,2386,Japan,176814
2387,2387,Massaker von Srebrenica,101352
2388,2388,Brittney Griner,127834
2389,2389,Matt Kaplinski,2672
2390,2390,Anime,149155
2391,2391,Compact (Magazin),55762
2392,2392,Liste der Kugelsternhaufen,40
2393,2393,H√∂rorgan,22
2394,2394,Dieter Schulze (Lyriker),9034
2395,2395,Donezk,25249
2396,2396,Perpetuum mobile,33345
2397,2397,Liste der Hauptdarsteller von Schloss Einstein,93243
2398,2398,Eskimo,22415
2399,2399,Alkane,61763
2400,2400,Uran,72725
2401,2401,Rif (Gebirgszug),4214
2402,2402,Iod,50317
2403,2403,Online-Casino,28723
2404,2404,Kalter Krieg,93909
2405,2405,Andreas Gabalier,24544
2406,2406,Entega GmbH,30
2407,2407,Clemens F√ºsers,8142
2408,2408,Unterberger & Comp.,5817
2409,2409,AfD Berlin,46059
2410,2410,AfD Sachsen,48368
2411,2411,Arnold Schwarzenegger,83968
2412,2412,Bianca Cla√üen,20951
2413,2413,Die Rosenheim-Cops,60136
2414,2414,Among Us,25659
2415,2415,Beyonc√©,79765
2416,2416,Kirchenjahr,43725
2417,2417,Bodo Schiffmann,22835
2418,2418,Auschwitz,31
2419,2419,FV 08 Hockenheim,6263
2420,2420,Bundestagswahl 2021,214416
2421,2421,Liste von XMPP-Clients,25972
2422,2422,Metapedia,13944
2423,2423,Freiheitliche Partei √ñsterreichs,136944
2424,2424,Andreas Trampota,6217
2425,2425,LGBT,44519
2426,2426,Licht,46729
2427,2427,Alpen,96072
2428,2428,Liste von Schriftarten,81113
2429,2429,Exhibitionismus,23827
2430,2430,Robert W. Malone,29486
2431,2431,Nichtbin√§re Geschlechtsidentit√§t,188904
2432,2432,Eric Bergkraut,8476
2433,2433,Pythagoras,79777
2434,2434,Luzifer,21964
2435,2435,Fu√üball-Weltmeisterschaft der M√§nner,45
2436,2436,Fu√üball-Weltmeisterschaft,97277
2437,2437,Jesiden,86009
2438,2438,FUQ,256
2439,2439,Chabib Abdulmanapowitsch Nurmagomedow,15539
2440,2440,Global harmonisiertes System zur Einstufung und Kennzeichnung von Chemikalien,23809
2441,2441,Vereinte Nationen,80994
2442,2442,Josip Broz Tito,54321
2443,2443,Russland,438948
2444,2444,Hexenglaube,17
2445,2445,Ann-Helena Schl√ºter,6388
2446,2446,A.W. Peet,8236
2447,2447,S√ºdafrika,234932
2448,2448,Allgemeine Erkl√§rung der Menschenrechte,36496
2449,2449,Kim Jong-un,58091
2450,2450,R√∂hricht,4004
2451,2451,Olympe de Gouges,25748
2452,2452,Langwatte,5678
2453,2453,Fleischk√§se,11194
2454,2454,Rafael Nadal,135066
2455,2455,Lana Rhoades,9839
2456,2456,Kurdischer Kaffee,4403
2457,2457,Capital Bra,23068
2458,2458,Bielefeld-Verschw√∂rung,20000
2459,2459,Jawed Karim,6292
2460,2460,World Wide Web,24421
2461,2461,IPhone 11,13951
2462,2462,IPhone 14,14920
2463,2463,IPhone 13,11479
2464,2464,IPad Pro (2. Generation),5275
2465,2465,IPhone 8,12221
2466,2466,IPad,120467
2467,2467,IOS (Betriebssystem),118740
2468,2468,Elias Nerlich,17397
2469,2469,Magdalena Martullo-Blocher,7035
2470,2470,Ignaz Bearth,10352
2471,2471,Ronaldo,1991
2472,2472,London Eye,9156
2473,2473,NS-Staat,109149
2474,2474,FC Basel,57938
2475,2475,Dresden,263097
2476,2476,Perschmann Gruppe,10415
2477,2477,Xi Jinping,60672
2478,2478,Vatikanstadt,71310
2479,2479,Eckart Roloff,14852
2480,2480,Ballade,17551
2481,2481,Otto Albrecht Isbert,3561
2482,2482,Patrick Baehr,9285
2483,2483,Maya,36
2484,2484,5. Sinfonie (Beethoven),49951
2485,2485,7. Sinfonie (Beethoven),18490
2486,2486,9. Sinfonie (Beethoven),74196
2487,2487,"Camilla, Queen Consort",22026
2488,2488,Black Lives Matter,116994
2489,2489,Kinesiologie (Parawissenschaft),29238
2490,2490,Stefan Homburg,32331
2491,2491,Farid Hafez,42362
2492,2492,Nora systems,2533
2493,2493,Allguth,2697
2494,2494,Adresshandel,20739
2495,2495,Riccardo Simonetti,14384
2496,2496,David Icke,27261
2497,2497,Luisa Neubauer,60243
2498,2498,Byte,32268
2499,2499,Atheist Bus Campaign,17314
2500,2500,Stephan Brandner,47042
2501,2501,Liste von Mikronationen,37254
2502,2502,Horus,26053
2503,2503,Hansi Flick,34520
2504,2504,Hamburg,221012
2505,2505,Puschmann,971
2506,2506,Daniel Barenboim,39755
2507,2507,Christof Kuhbandner,10142
2508,2508,Krim-Br√ºcke,54207
2509,2509,Nikolaus,18328
2510,2510,Dirk Pohlmann,11529
2511,2511,Katzen,59759
2512,2512,Aleviten,78698
2513,2513,Sascha Hellinger,8082
2514,2514,Fernrohr,46956
2515,2515,Reflexion (Physik),35583
2516,2516,Erdatmosph√§re,13638
2517,2517,Plutonium,71414
2518,2518,NASA,18040
2519,2519,Energie,64176
2520,2520,"Ronaldo (Fu√üballspieler, 1976)",49720
2521,2521,B√ºrgerbewegung Pax Europa,16331
2522,2522,InterCity (Schweiz),24462
2523,2523,Niki,623
2524,2524,Lewis Carroll,78178
2525,2525,Fische,14123
2526,2526,Nedeljko Bajiƒá,2897
2527,2527,R√∂mische Mythologie,14887
2528,2528,Erich K√§stner,78699
2529,2529,TikTok,62246
2530,2530,Adem Jashari,46652
2531,2531,Blindschleiche,28377
2532,2532,Mobbing,45001
2533,2533,Weihnachtsfrieden (Erster Weltkrieg),30287
2534,2534,AfD Bayern,65435
2535,2535,Schwarze Mamba,10105
2536,2536,Sturm der Liebe/Rollenbesetzung,182157
2537,2537,Max,3742
2538,2538,Rita Ora,22658
2539,2539,Markus R√ºhl,6916
2540,2540,Frikadelle,11232
2541,2541,Muezza,984
2542,2542,Granit- und Gneisplateau,17232
2543,2543,Wiktor Ahn,7363
2544,2544,Michael St√ºrzenberger,42092
2545,2545,Mufflon,12105
2546,2546,Tina Malti,6730
2547,2547,Schokoladen-Fruchtzwerg,10399
2548,2548,SBB RABe 502,39966
2549,2549,Patriotische Union,80682
2550,2550,Ukraine,381463
2551,2551,Georgi Nikolow Deltschew,6976
2552,2552,Anetta Kahane,46929
2553,2553,Irene Stoehr,8938
2554,2554,Bakery Jatta,36971
2555,2555,Pashanim,4803
2556,2556,Serbien,281789
2557,2557,Zlatan Ibrahimoviƒá,82507
2558,2558,Orient-Express,136692
2559,2559,David Bendels,11278
2560,2560,Beijing (Automarke),7822
2561,2561,Kanye West,148731
2562,2562,Franziskus (Papst),195864
2563,2563,Carsten Stahl,8504
2564,2564,Liste der meistabonnierten YouTube-Kan√§le,17079
2565,2565,Halloween-Katastrophe in Seoul 2022,307705
2566,2566,Liz Truss,46250
2567,2567,Markusdom,37464
2568,2568,Willkommen 20xx,7333
2569,2569,IC2000,22439
2570,2570,Capybara,30376
2571,2571,Wien,255055
2572,2572,Der Super Mario Bros. Film,6821
2573,2573,Burg Cukn≈°tejn,4254
2574,2574,Ketelhodt,16458
2575,2575,Ernst Wolff (Autor),14011
2576,2576,Viktoriaschule (Aachen),8558
2577,2577,Berberl√∂we,9112
2578,2578,Ta√≠no,24368
2579,2579,Doroth√©e Neff,2018
2580,2580,Wolfgang Herrndorf,18455
2581,2581,Hans Harmsen,11333
2582,2582,K√∂ln 50667,74146
2583,2583,August Macke,36705
2584,2584,Internetagentur,2451
2585,2585,Pfullingen,45528
2586,2586,Harry Potter (Filmreihe),93208
2587,2587,U,5309
2588,2588,Generation Z,33556
2589,2589,Letzte Generation,96473
2590,2590,Vodafone,60066
2591,2591,Andrew Tate,21680
2592,2592,Die Wollnys ‚Äì Eine schrecklich gro√üe Familie,21259
2593,2593,Mark Forster,19785
2594,2594,Sarah-Lee Heinrich,15280
2595,2595,Plattentektonik,47105
2596,2596,Folter,110882
2597,2597,Elias Davidsson,26791
2598,2598,Bewegung (Physik),14242
2599,2599,Paulus von Tarsus,83235
2600,2600,Australien,203978
2601,2601,Liste der Stolpersteine in der Normandie,45503
2602,2602,Clemens Krauss (Dirigent),29844
2603,2603,Russischer √úberfall auf die Ukraine 2022,490813
2604,2604,Reaction,33
2605,2605,Sonic Rivals 2,15002
2606,2606,Europ√§ischer Gerichtshof,41555
2607,2607,Imagine Dragons,26828
2608,2608,Kim de l‚ÄôHorizon,12858
2609,2609,Fridays for Future,188745
2610,2610,Emilia Fester,7702
2611,2611,Regenw√ºrmer,72252
2612,2612,95 Thesen,36475
2613,2613,Volksrepublik Lugansk,29542
2614,2614,Die Christengemeinschaft,44225
2615,2615,Luka Modriƒá,20328
2616,2616,Andrij Melnyk (Diplomat),25308
2617,2617,Zahnpasta,27342
2618,2618,Geschichte der Pest,106393
2619,2619,Joseph Haydn,47398
2620,2620,Laura M√ºller (It-Girl),18203
2621,2621,Inka,142362
2622,2622,Prostitution,118503
2623,2623,Nahostkonflikt,97347
2624,2624,Volker Steinkraus,5729
2625,2625,Marokko,133131
2626,2626,Deutsche Wiedervereinigung,176826
2627,2627,LeBron James,71519
2628,2628,Wolfach,75030
2629,2629,Berlin ‚Äì Tag & Nacht,86090
2630,2630,Erhard Grundl,12569
2631,2631,Facettenauge,12133
2632,2632,Colour Genie,11766
2633,2633,Autismus,141046
2634,2634,K√ºnstliche Intelligenz,109651
2635,2635,Grand Canyon,42583
2636,2636,Niklas Sommer,12345
2637,2637,Trockensavanne,6327
2638,2638,Posaune,44906
2639,2639,The Shard,18343
2640,2640,Salvador Dal√≠,119482
2641,2641,Udo Landbauer,32497
2642,2642,Dritter Kreuzzug,30821
2643,2643,Axel Steier,11928
2644,2644,Steinzeit,41175
2645,2645,Manuel Hagel,7484
2646,2646,Van Canto,18885
2647,2647,Yayladere,4847
2648,2648,Programmiersprache,31349
2649,2649,RTL Television,40842
2650,2650,Babette von Kienlin,2909
2651,2651,Nexhmije Pagarusha,2861
2652,2652,Deutsche Demokratische Republik,287180
2653,2653,Flachgutlager,13167
2654,2654,Zypern (Insel),25
2655,2655,Sash JM,9225
2656,2656,Toilette,51002
2657,2657,Braunwasser,1238
2658,2658,Zirkumzision,223728
2659,2659,Wolf,179223
2660,2660,Schizophrenie,108846
2661,2661,Sigmund Freud,155307
2662,2662,Ararat,10573
2663,2663,Lee Man-hee (Shincheonji),15957
2664,2664,Proteste in Kenosha,21309
2665,2665,Munin-Verlag,6651
2666,2666,Erlk√∂nig (Ballade),27918
2667,2667,Albin Kurti,16161
2668,2668,Geschichte des Computers,35701
2669,2669,Tino Chrupalla,38548
2670,2670,Paluten,11747
2671,2671,U√áK,35916
2672,2672,Publius Quinctilius Varus,25366
2673,2673,Giuseppe Arcimboldo,12509
2674,2674,Are You The One?,35
2675,2675,Josef Mengele,132002
2676,2676,John Lennon,84508
2677,2677,Check24,18830
2678,2678,Harry Maguire,11386
2679,2679,NachDenkSeiten,36417
2680,2680,DFL Deutsche Fu√üball Liga,17992
2681,2681,Elliot Page,17909
2682,2682,Liste der gr√∂√üten Stadien der Welt,37571
2683,2683,Bingen am Rhein,48484
2684,2684,Die Arche ‚Äì Christliches Kinder- und Jugendwerk,17996
2685,2685,Luciano (Rapper),7841
2686,2686,Billie Eilish,42673
2687,2687,DS Automobiles,27658
2688,2688,Novak ƒêokoviƒá,145144
2689,2689,Wolfgang Koydl,3819
2690,2690,Andreas Kemper,11597
2691,2691,Anschlag auf die Nord-Stream-Pipelines,29443
2692,2692,Felix Rosenqvist,36448
2693,2693,Basketball,85420
2694,2694,Fortpflanzung,12225
2695,2695,Hatschepsut,35631
2696,2696,H√∂xter,81386
2697,2697,Torbeschen,4163
2698,2698,Aschkali,16376
2699,2699,Axel Voss,36653
2700,2700,Fr√ºhlings Erwachen,18360
2701,2701,Monika Bohinec,4253
2702,2702,Rachel Willis-S√∏rensen,13966
2703,2703,Paschtunen,25117
2704,2704,Karl Dall,22326
2705,2705,Kaaba,23277
2706,2706,Ernst Lossa,20169
2707,2707,Karsamstag,4978
2708,2708,Ostersonntag,10981
2709,2709,Adam und Eva,36355
2710,2710,Chemnitz Arena,4381
2711,2711,Dieter Stein (Journalist),19580
2712,2712,KOU,654
2713,2713,Rocker (Film),14530
2714,2714,Emder Hafen,22053
2715,2715,Jeff Bezos,17541
2716,2716,Golden Gate Bridge,32258
2717,2717,Cathy Hummels,9449
2718,2718,Joachim Meyerhoff,20609
2719,2719,Robert Kampka,2917
2720,2720,Cecilia Smith (Aktivistin),3445
2721,2721,Winnie the Pooh: Blood and Honey,19620
2722,2722,Silke Bosbach,11637
2723,2723,ApoRed,22551
2724,2724,Sigrid Nikutta,15832
2725,2725,Malu Dreyer,21368
2726,2726,Natur,25751
2727,2727,Gerwyn Price,23743
2728,2728,Roden√§s,11538
2729,2729,N√∂rdlingen,80052
2730,2730,Wolodymyr Selenskyj,147370
2731,2731,Veganismus,112946
2732,2732,Wallefeld,4909
2733,2733,Milo≈° Obiliƒá,9101
2734,2734,Mot√∂rhead,56435
2735,2735,Internetabh√§ngigkeit,27570
2736,2736,Pommes frites,18922
2737,2737,Clemens Arvay,32723
2738,2738,Mein Kampf,81303
2739,2739,Michael Najjar,15254
2740,2740,Trogir,10029
2741,2741,Hannibal,41247
2742,2742,Johannes Gutenberg,43084
2743,2743,Katja Ebstein,33538
2744,2744,Dschingis Khan,45507
2745,2745,DNS over TLS,7050
2746,2746,Ascorbins√§ure,80769
2747,2747,Ali G√ºng√∂rm√º≈ü,11280
2748,2748,Meret L√ºthi,5030
2749,2749,Aborigines,120166
2750,2750,Teufel,72443
2751,2751,Brigitte Renner,1825
2752,2752,Annelie Ramsbrock,6873
2753,2753,Internationale Atomenergie-Organisation,24337
2754,2754,Palmsonntag,20754
2755,2755,Reformationstag,19564
2756,2756,Vaginalverkehr,15376
2757,2757,Ohio,39041
2758,2758,Die drei !!!,20092
2759,2759,Ezra Miller,20133
2760,2760,VfL Bochum,107886
2761,2761,Alizadeh,790
2762,2762,BMW Classic,36
2763,2763,Lyme-Borreliose,69958
2764,2764,Mary Bauermeister,17069
2765,2765,David Yan,10090
2766,2766,Miku Hatsune,45857
2767,2767,Oan Djorkaeff,3471
2768,2768,Zeit des Nationalsozialismus,162403
2769,2769,Protein,56871
2770,2770,Gem√ºse,14936
2771,2771,Wirbeltiere,49372
2772,2772,Kilez More,9237
2773,2773,BMW G30,32068
2774,2774,Britannien in r√∂mischer Zeit,60911
2775,2775,N√§hrstoff,8249
2776,2776,Betastrahlung,40059
2777,2777,Gammastrahlung,20211
2778,2778,Alphastrahlung,21720
2779,2779,Loch Ness,9757
2780,2780,Luxoft,7412
2781,2781,Ruediger Dahlke,14254
2782,2782,Claude Debussy,59190
2783,2783,T√ºrkei,251122
2784,2784,Leon Mach√®re,7491
2785,2785,BMW E9,16119
2786,2786,BMW G82,22894
2787,2787,BMW G20,44772
2788,2788,BMW G22,31745
2789,2789,BMW-Werk Landshut,7100
2790,2790,BMW (Automarke),95487
2791,2791,BMW-Werke,9200
2792,2792,BMW F10,47392
2793,2793,Bahnstrecke Landshut‚ÄìPlattling,16268
2794,2794,BMW E39,111709
2795,2795,Rolls-Royce Motor Cars,64009
2796,2796,Sklaverei im R√∂mischen Reich,23474
2797,2797,RMS Titanic,35
2798,2798,Miraculous ‚Äì Geschichten von Ladybug und Cat Noir,37394
2799,2799,Carl Benz,24283
2800,2800,Isis,31333
2801,2801,K√∂lner Hauptbahnhof,31
2802,2802,Metzinger Betriebskrankenkasse,8450
2803,2803,BKK Landesverband Bayern,5430
2804,2804,Georg Restle,8399
2805,2805,Sucharit Bhakdi,82085
2806,2806,Ursula Poznanski,14149
2807,2807,Shop,887
2808,2808,Mikaela Shiffrin,58671
2809,2809,Wirtschaft Frankreichs,32157
2810,2810,Geschichte des Fu√üballs,36640
2811,2811,Louis Sachar,5995
2812,2812,Campodarsego,2025
2813,2813,Claudia Schr√∂der (Kamerafrau),1908
2814,2814,Frankfurt am Main,302170
2815,2815,Oleksandr Sintschenko (Fu√üballspieler),10164
2816,2816,Wall Street,3247
2817,2817,Maria Lazar,19626
2818,2818,Ludwig Boltzmann,89978
2819,2819,Jonas,19428
2820,2820,Landkreis Wegscheid,6900
2821,2821,Panade (Umh√ºllung),2227
2822,2822,Lockwood,1022
2823,2823,Wintergarten,15269
2824,2824,Gitarre,92173
2825,2825,Thailand,182313
2826,2826,Iran,393590
2827,2827,Massaker von Butscha,54651
2828,2828,Illusions Play,5234
2829,2829,Marcus Tullius Cicero,111255
2830,2830,Apache 207,14810
2831,2831,Nackt unter Leder,7624
2832,2832,Wolfgang Motz,7561
2833,2833,Bella Ramsey,5820
2834,2834,Die Pfefferk√∂rner/Episodenliste,54465
2835,2835,Die Pfefferk√∂rner,47137
2836,2836,Liste der Gebiete mit begrenzter Anerkennung als Staat,32179
2837,2837,CB-Funk,44673
2838,2838,Nikola Tesla,69840
2839,2839,Brawl Stars,24997
2840,2840,Mormonen,31592
2841,2841,Dietmar Hoscher,6153
2842,2842,Martin Renner,14783
2843,2843,Antje Vollmer,29657
2844,2844,Philipp Amthor,24958
2845,2845,Baby-Boomer,15800
2846,2846,Ozonschicht,12024
2847,2847,Fluorchlorkohlenwasserstoffe,16335
2848,2848,Nickel,53318
2849,2849,Titan (Element),48914
2850,2850,Radio ffn,29238
2851,2851,Mecklenburg-Vorpommern,169610
2852,2852,Weltkrieg,7714
2853,2853,The Dark Side of the Moon,37357
2854,2854,Deutsche Kommunistische Partei,96341
2855,2855,Menek≈üe Toprak,8248
2856,2856,Frank Laufenberg,8979
2857,2857,Gabriele Gysi,7246
2858,2858,Rewinside,7409
2859,2859,Toaster,20129
2860,2860,Laserluca,18669
2861,2861,Gelbwasser,1283
2862,2862,Julia Beautx,7771
2863,2863,Michaela Huber,6142
2864,2864,Louvre,30835
2865,2865,Grand Theft Auto IV,55719
2866,2866,Janis Joplin,21273
2867,2867,Sebastian Kurz,110920
2868,2868,Tuan Ryu Jin,3991
2869,2869,Pornografie,102805
2870,2870,Donald Duck,30404
2871,2871,Englischer B√ºrgerkrieg,40821
2872,2872,Deutsche Bahn,86289
2873,2873,Piet Klocke,11152
2874,2874,Marco Odermatt,34441
2875,2875,Mariupol,45629
2876,2876,Vierm√§chteabkommen √ºber Berlin,14073
2877,2877,Christian B√∂ge,3766
2878,2878,Geschlechtergerechte Sprache,322811
2879,2879,Gendern,20275
2880,2880,Credit Suisse,54062
2881,2881,Volt,10131
2882,2882,Watt (Einheit),7366
2883,2883,Brille,126523
2884,2884,Hektar,6488
2885,2885,Schottland,93166
2886,2886,Lia Thomas,12268
2887,2887,Ilja Jefimowitsch Repin,12163
2888,2888,Stadel,2509
2889,2889,Schwarzer Panther,5754
2890,2890,Paul Klee,142176
2891,2891,Quadratmeter,7340
2892,2892,Rennschwein Rudi R√ºssel,6983
2893,2893,Sinan-G,11801
2894,2894,R+V Versicherung,14026
2895,2895,Rewe Group,54068
